CourseID,Month,Enrollment_Count_monthly,Course_Revenue_monthly,Past_Enrollment_Count,Past_Average_Revenue,Revenue_Per_Enrollment_monthly,Enrollment_Count_course,Course_Revenue_course,CourseName,CourseCategory,CourseType,CourseLevel,CoursePrice,CourseDuration,CourseRating,Avg_Teacher_Experience,Avg_Teacher_Rating,Number_of_Teachers,Price_Band,Duration_Bucket,Rating_Tier,Experience_Bucket,CourseLevel_Encoded,Teacher_Rating_Score,Expertise_Match_Score,Revenue_Per_Enrollment_course
CR00001,2025-01,18,8501.039999999999,,,472.28,164,77453.92,Python Basics,Programming,Paid,Beginner,472.28,11.0,4.74,5.32,2.6628000000000003,25,High,Short,High,Medium Experience,0,2.6628000000000003,0.04,472.28
CR00001,2025-02,11,5195.08,18.0,8501.039999999999,472.28,164,77453.92,Python Basics,Programming,Paid,Beginner,472.28,11.0,4.74,5.32,2.6628000000000003,25,High,Short,High,Medium Experience,0,2.6628000000000003,0.04,472.28
CR00001,2025-03,8,3778.24,11.0,6848.0599999999995,472.28,164,77453.92,Python Basics,Programming,Paid,Beginner,472.28,11.0,4.74,5.32,2.6628000000000003,25,High,Short,High,Medium Experience,0,2.6628000000000003,0.04,472.28
CR00001,2025-04,14,6611.92,8.0,5824.786666666667,472.28000000000003,164,77453.92,Python Basics,Programming,Paid,Beginner,472.28,11.0,4.74,5.32,2.6628000000000003,25,High,Short,High,Medium Experience,0,2.6628000000000003,0.04,472.28
CR00001,2025-05,17,8028.759999999999,14.0,6021.57,472.28,164,77453.92,Python Basics,Programming,Paid,Beginner,472.28,11.0,4.74,5.32,2.6628000000000003,25,High,Short,High,Medium Experience,0,2.6628000000000003,0.04,472.28
CR00001,2025-06,11,5195.08,17.0,6423.008,472.28,164,77453.92,Python Basics,Programming,Paid,Beginner,472.28,11.0,4.74,5.32,2.6628000000000003,25,High,Short,High,Medium Experience,0,2.6628000000000003,0.04,472.28
CR00001,2025-07,12,5667.36,11.0,6218.353333333333,472.28,164,77453.92,Python Basics,Programming,Paid,Beginner,472.28,11.0,4.74,5.32,2.6628000000000003,25,High,Short,High,Medium Experience,0,2.6628000000000003,0.04,472.28
CR00001,2025-08,12,5667.36,12.0,6139.639999999999,472.28,164,77453.92,Python Basics,Programming,Paid,Beginner,472.28,11.0,4.74,5.32,2.6628000000000003,25,High,Short,High,Medium Experience,0,2.6628000000000003,0.04,472.28
CR00001,2025-09,23,10862.439999999999,12.0,6080.605,472.2799999999999,164,77453.92,Python Basics,Programming,Paid,Beginner,472.28,11.0,4.74,5.32,2.6628000000000003,25,High,Short,High,Medium Experience,0,2.6628000000000003,0.04,472.28
CR00001,2025-10,13,6139.639999999999,23.0,6611.92,472.28,164,77453.92,Python Basics,Programming,Paid,Beginner,472.28,11.0,4.74,5.32,2.6628000000000003,25,High,Short,High,Medium Experience,0,2.6628000000000003,0.04,472.28
CR00001,2025-11,13,6139.639999999999,13.0,6564.692,472.28,164,77453.92,Python Basics,Programming,Paid,Beginner,472.28,11.0,4.74,5.32,2.6628000000000003,25,High,Short,High,Medium Experience,0,2.6628000000000003,0.04,472.28
CR00001,2025-12,12,5667.36,13.0,6526.050909090909,472.28,164,77453.92,Python Basics,Programming,Paid,Beginner,472.28,11.0,4.74,5.32,2.6628000000000003,25,High,Short,High,Medium Experience,0,2.6628000000000003,0.04,472.28
CR00002,2025-01,11,0.0,,,0.0,149,0.0,Java Programming,Programming,Free,Intermediate,0.0,37.7,2.43,6.85,2.9515000000000002,20,Free,Medium,Low,Medium Experience,1,2.9515000000000002,0.05,0.0
CR00002,2025-02,10,0.0,11.0,0.0,0.0,149,0.0,Java Programming,Programming,Free,Intermediate,0.0,37.7,2.43,6.85,2.9515000000000002,20,Free,Medium,Low,Medium Experience,1,2.9515000000000002,0.05,0.0
CR00002,2025-03,15,0.0,10.0,0.0,0.0,149,0.0,Java Programming,Programming,Free,Intermediate,0.0,37.7,2.43,6.85,2.9515000000000002,20,Free,Medium,Low,Medium Experience,1,2.9515000000000002,0.05,0.0
CR00002,2025-04,20,0.0,15.0,0.0,0.0,149,0.0,Java Programming,Programming,Free,Intermediate,0.0,37.7,2.43,6.85,2.9515000000000002,20,Free,Medium,Low,Medium Experience,1,2.9515000000000002,0.05,0.0
CR00002,2025-05,17,0.0,20.0,0.0,0.0,149,0.0,Java Programming,Programming,Free,Intermediate,0.0,37.7,2.43,6.85,2.9515000000000002,20,Free,Medium,Low,Medium Experience,1,2.9515000000000002,0.05,0.0
CR00002,2025-06,12,0.0,17.0,0.0,0.0,149,0.0,Java Programming,Programming,Free,Intermediate,0.0,37.7,2.43,6.85,2.9515000000000002,20,Free,Medium,Low,Medium Experience,1,2.9515000000000002,0.05,0.0
CR00002,2025-07,9,0.0,12.0,0.0,0.0,149,0.0,Java Programming,Programming,Free,Intermediate,0.0,37.7,2.43,6.85,2.9515000000000002,20,Free,Medium,Low,Medium Experience,1,2.9515000000000002,0.05,0.0
CR00002,2025-08,17,0.0,9.0,0.0,0.0,149,0.0,Java Programming,Programming,Free,Intermediate,0.0,37.7,2.43,6.85,2.9515000000000002,20,Free,Medium,Low,Medium Experience,1,2.9515000000000002,0.05,0.0
CR00002,2025-09,5,0.0,17.0,0.0,0.0,149,0.0,Java Programming,Programming,Free,Intermediate,0.0,37.7,2.43,6.85,2.9515000000000002,20,Free,Medium,Low,Medium Experience,1,2.9515000000000002,0.05,0.0
CR00002,2025-10,9,0.0,5.0,0.0,0.0,149,0.0,Java Programming,Programming,Free,Intermediate,0.0,37.7,2.43,6.85,2.9515000000000002,20,Free,Medium,Low,Medium Experience,1,2.9515000000000002,0.05,0.0
CR00002,2025-11,11,0.0,9.0,0.0,0.0,149,0.0,Java Programming,Programming,Free,Intermediate,0.0,37.7,2.43,6.85,2.9515000000000002,20,Free,Medium,Low,Medium Experience,1,2.9515000000000002,0.05,0.0
CR00002,2025-12,13,0.0,11.0,0.0,0.0,149,0.0,Java Programming,Programming,Free,Intermediate,0.0,37.7,2.43,6.85,2.9515000000000002,20,Free,Medium,Low,Medium Experience,1,2.9515000000000002,0.05,0.0
CR00003,2025-01,12,0.0,,,0.0,173,0.0,C++ for Beginners,Programming,Free,Beginner,0.0,19.53,3.85,5.814814814814815,2.714074074074074,27,Free,Medium,High,Medium Experience,0,2.714074074074074,0.037037037037037035,0.0
CR00003,2025-02,10,0.0,12.0,0.0,0.0,173,0.0,C++ for Beginners,Programming,Free,Beginner,0.0,19.53,3.85,5.814814814814815,2.714074074074074,27,Free,Medium,High,Medium Experience,0,2.714074074074074,0.037037037037037035,0.0
CR00003,2025-03,10,0.0,10.0,0.0,0.0,173,0.0,C++ for Beginners,Programming,Free,Beginner,0.0,19.53,3.85,5.814814814814815,2.714074074074074,27,Free,Medium,High,Medium Experience,0,2.714074074074074,0.037037037037037035,0.0
CR00003,2025-04,14,0.0,10.0,0.0,0.0,173,0.0,C++ for Beginners,Programming,Free,Beginner,0.0,19.53,3.85,5.814814814814815,2.714074074074074,27,Free,Medium,High,Medium Experience,0,2.714074074074074,0.037037037037037035,0.0
CR00003,2025-05,13,0.0,14.0,0.0,0.0,173,0.0,C++ for Beginners,Programming,Free,Beginner,0.0,19.53,3.85,5.814814814814815,2.714074074074074,27,Free,Medium,High,Medium Experience,0,2.714074074074074,0.037037037037037035,0.0
CR00003,2025-06,16,0.0,13.0,0.0,0.0,173,0.0,C++ for Beginners,Programming,Free,Beginner,0.0,19.53,3.85,5.814814814814815,2.714074074074074,27,Free,Medium,High,Medium Experience,0,2.714074074074074,0.037037037037037035,0.0
CR00003,2025-07,17,0.0,16.0,0.0,0.0,173,0.0,C++ for Beginners,Programming,Free,Beginner,0.0,19.53,3.85,5.814814814814815,2.714074074074074,27,Free,Medium,High,Medium Experience,0,2.714074074074074,0.037037037037037035,0.0
CR00003,2025-08,16,0.0,17.0,0.0,0.0,173,0.0,C++ for Beginners,Programming,Free,Beginner,0.0,19.53,3.85,5.814814814814815,2.714074074074074,27,Free,Medium,High,Medium Experience,0,2.714074074074074,0.037037037037037035,0.0
CR00003,2025-09,14,0.0,16.0,0.0,0.0,173,0.0,C++ for Beginners,Programming,Free,Beginner,0.0,19.53,3.85,5.814814814814815,2.714074074074074,27,Free,Medium,High,Medium Experience,0,2.714074074074074,0.037037037037037035,0.0
CR00003,2025-10,15,0.0,14.0,0.0,0.0,173,0.0,C++ for Beginners,Programming,Free,Beginner,0.0,19.53,3.85,5.814814814814815,2.714074074074074,27,Free,Medium,High,Medium Experience,0,2.714074074074074,0.037037037037037035,0.0
CR00003,2025-11,23,0.0,15.0,0.0,0.0,173,0.0,C++ for Beginners,Programming,Free,Beginner,0.0,19.53,3.85,5.814814814814815,2.714074074074074,27,Free,Medium,High,Medium Experience,0,2.714074074074074,0.037037037037037035,0.0
CR00003,2025-12,13,0.0,23.0,0.0,0.0,173,0.0,C++ for Beginners,Programming,Free,Beginner,0.0,19.53,3.85,5.814814814814815,2.714074074074074,27,Free,Medium,High,Medium Experience,0,2.714074074074074,0.037037037037037035,0.0
CR00004,2025-01,20,0.0,,,0.0,154,0.0,Advanced Python,Programming,Free,Beginner,0.0,45.13,2.88,5.851851851851852,2.75037037037037,27,Free,Long,Medium,Medium Experience,0,2.75037037037037,0.037037037037037035,0.0
CR00004,2025-02,12,0.0,20.0,0.0,0.0,154,0.0,Advanced Python,Programming,Free,Beginner,0.0,45.13,2.88,5.851851851851852,2.75037037037037,27,Free,Long,Medium,Medium Experience,0,2.75037037037037,0.037037037037037035,0.0
CR00004,2025-03,10,0.0,12.0,0.0,0.0,154,0.0,Advanced Python,Programming,Free,Beginner,0.0,45.13,2.88,5.851851851851852,2.75037037037037,27,Free,Long,Medium,Medium Experience,0,2.75037037037037,0.037037037037037035,0.0
CR00004,2025-04,7,0.0,10.0,0.0,0.0,154,0.0,Advanced Python,Programming,Free,Beginner,0.0,45.13,2.88,5.851851851851852,2.75037037037037,27,Free,Long,Medium,Medium Experience,0,2.75037037037037,0.037037037037037035,0.0
CR00004,2025-05,11,0.0,7.0,0.0,0.0,154,0.0,Advanced Python,Programming,Free,Beginner,0.0,45.13,2.88,5.851851851851852,2.75037037037037,27,Free,Long,Medium,Medium Experience,0,2.75037037037037,0.037037037037037035,0.0
CR00004,2025-06,11,0.0,11.0,0.0,0.0,154,0.0,Advanced Python,Programming,Free,Beginner,0.0,45.13,2.88,5.851851851851852,2.75037037037037,27,Free,Long,Medium,Medium Experience,0,2.75037037037037,0.037037037037037035,0.0
CR00004,2025-07,21,0.0,11.0,0.0,0.0,154,0.0,Advanced Python,Programming,Free,Beginner,0.0,45.13,2.88,5.851851851851852,2.75037037037037,27,Free,Long,Medium,Medium Experience,0,2.75037037037037,0.037037037037037035,0.0
CR00004,2025-08,9,0.0,21.0,0.0,0.0,154,0.0,Advanced Python,Programming,Free,Beginner,0.0,45.13,2.88,5.851851851851852,2.75037037037037,27,Free,Long,Medium,Medium Experience,0,2.75037037037037,0.037037037037037035,0.0
CR00004,2025-09,15,0.0,9.0,0.0,0.0,154,0.0,Advanced Python,Programming,Free,Beginner,0.0,45.13,2.88,5.851851851851852,2.75037037037037,27,Free,Long,Medium,Medium Experience,0,2.75037037037037,0.037037037037037035,0.0
CR00004,2025-10,13,0.0,15.0,0.0,0.0,154,0.0,Advanced Python,Programming,Free,Beginner,0.0,45.13,2.88,5.851851851851852,2.75037037037037,27,Free,Long,Medium,Medium Experience,0,2.75037037037037,0.037037037037037035,0.0
CR00004,2025-11,15,0.0,13.0,0.0,0.0,154,0.0,Advanced Python,Programming,Free,Beginner,0.0,45.13,2.88,5.851851851851852,2.75037037037037,27,Free,Long,Medium,Medium Experience,0,2.75037037037037,0.037037037037037035,0.0
CR00004,2025-12,10,0.0,15.0,0.0,0.0,154,0.0,Advanced Python,Programming,Free,Beginner,0.0,45.13,2.88,5.851851851851852,2.75037037037037,27,Free,Long,Medium,Medium Experience,0,2.75037037037037,0.037037037037037035,0.0
CR00005,2025-01,11,0.0,,,0.0,166,0.0,Full Stack Development,Programming,Free,Beginner,0.0,28.68,1.28,5.517241379310345,2.6886206896551723,29,Free,Medium,Low,Medium Experience,0,2.6886206896551723,0.034482758620689655,0.0
CR00005,2025-02,15,0.0,11.0,0.0,0.0,166,0.0,Full Stack Development,Programming,Free,Beginner,0.0,28.68,1.28,5.517241379310345,2.6886206896551723,29,Free,Medium,Low,Medium Experience,0,2.6886206896551723,0.034482758620689655,0.0
CR00005,2025-03,20,0.0,15.0,0.0,0.0,166,0.0,Full Stack Development,Programming,Free,Beginner,0.0,28.68,1.28,5.517241379310345,2.6886206896551723,29,Free,Medium,Low,Medium Experience,0,2.6886206896551723,0.034482758620689655,0.0
CR00005,2025-04,10,0.0,20.0,0.0,0.0,166,0.0,Full Stack Development,Programming,Free,Beginner,0.0,28.68,1.28,5.517241379310345,2.6886206896551723,29,Free,Medium,Low,Medium Experience,0,2.6886206896551723,0.034482758620689655,0.0
CR00005,2025-05,18,0.0,10.0,0.0,0.0,166,0.0,Full Stack Development,Programming,Free,Beginner,0.0,28.68,1.28,5.517241379310345,2.6886206896551723,29,Free,Medium,Low,Medium Experience,0,2.6886206896551723,0.034482758620689655,0.0
CR00005,2025-06,16,0.0,18.0,0.0,0.0,166,0.0,Full Stack Development,Programming,Free,Beginner,0.0,28.68,1.28,5.517241379310345,2.6886206896551723,29,Free,Medium,Low,Medium Experience,0,2.6886206896551723,0.034482758620689655,0.0
CR00005,2025-07,14,0.0,16.0,0.0,0.0,166,0.0,Full Stack Development,Programming,Free,Beginner,0.0,28.68,1.28,5.517241379310345,2.6886206896551723,29,Free,Medium,Low,Medium Experience,0,2.6886206896551723,0.034482758620689655,0.0
CR00005,2025-08,11,0.0,14.0,0.0,0.0,166,0.0,Full Stack Development,Programming,Free,Beginner,0.0,28.68,1.28,5.517241379310345,2.6886206896551723,29,Free,Medium,Low,Medium Experience,0,2.6886206896551723,0.034482758620689655,0.0
CR00005,2025-09,14,0.0,11.0,0.0,0.0,166,0.0,Full Stack Development,Programming,Free,Beginner,0.0,28.68,1.28,5.517241379310345,2.6886206896551723,29,Free,Medium,Low,Medium Experience,0,2.6886206896551723,0.034482758620689655,0.0
CR00005,2025-10,13,0.0,14.0,0.0,0.0,166,0.0,Full Stack Development,Programming,Free,Beginner,0.0,28.68,1.28,5.517241379310345,2.6886206896551723,29,Free,Medium,Low,Medium Experience,0,2.6886206896551723,0.034482758620689655,0.0
CR00005,2025-11,11,0.0,13.0,0.0,0.0,166,0.0,Full Stack Development,Programming,Free,Beginner,0.0,28.68,1.28,5.517241379310345,2.6886206896551723,29,Free,Medium,Low,Medium Experience,0,2.6886206896551723,0.034482758620689655,0.0
CR00005,2025-12,13,0.0,11.0,0.0,0.0,166,0.0,Full Stack Development,Programming,Free,Beginner,0.0,28.68,1.28,5.517241379310345,2.6886206896551723,29,Free,Medium,Low,Medium Experience,0,2.6886206896551723,0.034482758620689655,0.0
CR00006,2025-01,11,3040.07,,,276.37,156,43113.72,Graphic Design Basics,Design,Paid,Advanced,276.37,48.84,2.72,7.733333333333333,3.2086666666666663,15,High,Long,Medium,Medium Experience,2,3.2086666666666663,0.26666666666666666,276.37
CR00006,2025-02,14,3869.1800000000003,11.0,3040.07,276.37,156,43113.72,Graphic Design Basics,Design,Paid,Advanced,276.37,48.84,2.72,7.733333333333333,3.2086666666666663,15,High,Long,Medium,Medium Experience,2,3.2086666666666663,0.26666666666666666,276.37
CR00006,2025-03,16,4421.92,14.0,3454.625,276.37,156,43113.72,Graphic Design Basics,Design,Paid,Advanced,276.37,48.84,2.72,7.733333333333333,3.2086666666666663,15,High,Long,Medium,Medium Experience,2,3.2086666666666663,0.26666666666666666,276.37
CR00006,2025-04,13,3592.81,16.0,3777.056666666667,276.37,156,43113.72,Graphic Design Basics,Design,Paid,Advanced,276.37,48.84,2.72,7.733333333333333,3.2086666666666663,15,High,Long,Medium,Medium Experience,2,3.2086666666666663,0.26666666666666666,276.37
CR00006,2025-05,17,4698.29,13.0,3730.995,276.37,156,43113.72,Graphic Design Basics,Design,Paid,Advanced,276.37,48.84,2.72,7.733333333333333,3.2086666666666663,15,High,Long,Medium,Medium Experience,2,3.2086666666666663,0.26666666666666666,276.37
CR00006,2025-06,13,3592.81,17.0,3924.454,276.37,156,43113.72,Graphic Design Basics,Design,Paid,Advanced,276.37,48.84,2.72,7.733333333333333,3.2086666666666663,15,High,Long,Medium,Medium Experience,2,3.2086666666666663,0.26666666666666666,276.37
CR00006,2025-07,8,2210.96,13.0,3869.1800000000003,276.37,156,43113.72,Graphic Design Basics,Design,Paid,Advanced,276.37,48.84,2.72,7.733333333333333,3.2086666666666663,15,High,Long,Medium,Medium Experience,2,3.2086666666666663,0.26666666666666666,276.37
CR00006,2025-08,15,4145.55,8.0,3632.2914285714287,276.37,156,43113.72,Graphic Design Basics,Design,Paid,Advanced,276.37,48.84,2.72,7.733333333333333,3.2086666666666663,15,High,Long,Medium,Medium Experience,2,3.2086666666666663,0.26666666666666666,276.37
CR00006,2025-09,10,2763.7,15.0,3696.44875,276.37,156,43113.72,Graphic Design Basics,Design,Paid,Advanced,276.37,48.84,2.72,7.733333333333333,3.2086666666666663,15,High,Long,Medium,Medium Experience,2,3.2086666666666663,0.26666666666666666,276.37
CR00006,2025-10,13,3592.81,10.0,3592.81,276.37,156,43113.72,Graphic Design Basics,Design,Paid,Advanced,276.37,48.84,2.72,7.733333333333333,3.2086666666666663,15,High,Long,Medium,Medium Experience,2,3.2086666666666663,0.26666666666666666,276.37
CR00006,2025-11,14,3869.1800000000003,13.0,3592.81,276.37,156,43113.72,Graphic Design Basics,Design,Paid,Advanced,276.37,48.84,2.72,7.733333333333333,3.2086666666666663,15,High,Long,Medium,Medium Experience,2,3.2086666666666663,0.26666666666666666,276.37
CR00006,2025-12,12,3316.44,14.0,3617.9345454545455,276.37,156,43113.72,Graphic Design Basics,Design,Paid,Advanced,276.37,48.84,2.72,7.733333333333333,3.2086666666666663,15,High,Long,Medium,Medium Experience,2,3.2086666666666663,0.26666666666666666,276.37
CR00007,2025-01,10,0.0,,,0.0,178,0.0,UI/UX Design,Design,Free,Advanced,0.0,48.68,2.61,8.1875,3.1912499999999997,16,Free,Long,Medium,Medium Experience,2,3.1912499999999997,0.25,0.0
CR00007,2025-02,6,0.0,10.0,0.0,0.0,178,0.0,UI/UX Design,Design,Free,Advanced,0.0,48.68,2.61,8.1875,3.1912499999999997,16,Free,Long,Medium,Medium Experience,2,3.1912499999999997,0.25,0.0
CR00007,2025-03,11,0.0,6.0,0.0,0.0,178,0.0,UI/UX Design,Design,Free,Advanced,0.0,48.68,2.61,8.1875,3.1912499999999997,16,Free,Long,Medium,Medium Experience,2,3.1912499999999997,0.25,0.0
CR00007,2025-04,20,0.0,11.0,0.0,0.0,178,0.0,UI/UX Design,Design,Free,Advanced,0.0,48.68,2.61,8.1875,3.1912499999999997,16,Free,Long,Medium,Medium Experience,2,3.1912499999999997,0.25,0.0
CR00007,2025-05,11,0.0,20.0,0.0,0.0,178,0.0,UI/UX Design,Design,Free,Advanced,0.0,48.68,2.61,8.1875,3.1912499999999997,16,Free,Long,Medium,Medium Experience,2,3.1912499999999997,0.25,0.0
CR00007,2025-06,20,0.0,11.0,0.0,0.0,178,0.0,UI/UX Design,Design,Free,Advanced,0.0,48.68,2.61,8.1875,3.1912499999999997,16,Free,Long,Medium,Medium Experience,2,3.1912499999999997,0.25,0.0
CR00007,2025-07,18,0.0,20.0,0.0,0.0,178,0.0,UI/UX Design,Design,Free,Advanced,0.0,48.68,2.61,8.1875,3.1912499999999997,16,Free,Long,Medium,Medium Experience,2,3.1912499999999997,0.25,0.0
CR00007,2025-08,13,0.0,18.0,0.0,0.0,178,0.0,UI/UX Design,Design,Free,Advanced,0.0,48.68,2.61,8.1875,3.1912499999999997,16,Free,Long,Medium,Medium Experience,2,3.1912499999999997,0.25,0.0
CR00007,2025-09,20,0.0,13.0,0.0,0.0,178,0.0,UI/UX Design,Design,Free,Advanced,0.0,48.68,2.61,8.1875,3.1912499999999997,16,Free,Long,Medium,Medium Experience,2,3.1912499999999997,0.25,0.0
CR00007,2025-10,18,0.0,20.0,0.0,0.0,178,0.0,UI/UX Design,Design,Free,Advanced,0.0,48.68,2.61,8.1875,3.1912499999999997,16,Free,Long,Medium,Medium Experience,2,3.1912499999999997,0.25,0.0
CR00007,2025-11,12,0.0,18.0,0.0,0.0,178,0.0,UI/UX Design,Design,Free,Advanced,0.0,48.68,2.61,8.1875,3.1912499999999997,16,Free,Long,Medium,Medium Experience,2,3.1912499999999997,0.25,0.0
CR00007,2025-12,19,0.0,12.0,0.0,0.0,178,0.0,UI/UX Design,Design,Free,Advanced,0.0,48.68,2.61,8.1875,3.1912499999999997,16,Free,Long,Medium,Medium Experience,2,3.1912499999999997,0.25,0.0
CR00008,2025-01,6,0.0,,,0.0,158,0.0,Photoshop Mastery,Design,Free,Advanced,0.0,2.87,1.52,9.466666666666667,3.23,15,Free,Short,Low,Medium Experience,2,3.23,0.26666666666666666,0.0
CR00008,2025-02,14,0.0,6.0,0.0,0.0,158,0.0,Photoshop Mastery,Design,Free,Advanced,0.0,2.87,1.52,9.466666666666667,3.23,15,Free,Short,Low,Medium Experience,2,3.23,0.26666666666666666,0.0
CR00008,2025-03,12,0.0,14.0,0.0,0.0,158,0.0,Photoshop Mastery,Design,Free,Advanced,0.0,2.87,1.52,9.466666666666667,3.23,15,Free,Short,Low,Medium Experience,2,3.23,0.26666666666666666,0.0
CR00008,2025-04,13,0.0,12.0,0.0,0.0,158,0.0,Photoshop Mastery,Design,Free,Advanced,0.0,2.87,1.52,9.466666666666667,3.23,15,Free,Short,Low,Medium Experience,2,3.23,0.26666666666666666,0.0
CR00008,2025-05,15,0.0,13.0,0.0,0.0,158,0.0,Photoshop Mastery,Design,Free,Advanced,0.0,2.87,1.52,9.466666666666667,3.23,15,Free,Short,Low,Medium Experience,2,3.23,0.26666666666666666,0.0
CR00008,2025-06,13,0.0,15.0,0.0,0.0,158,0.0,Photoshop Mastery,Design,Free,Advanced,0.0,2.87,1.52,9.466666666666667,3.23,15,Free,Short,Low,Medium Experience,2,3.23,0.26666666666666666,0.0
CR00008,2025-07,17,0.0,13.0,0.0,0.0,158,0.0,Photoshop Mastery,Design,Free,Advanced,0.0,2.87,1.52,9.466666666666667,3.23,15,Free,Short,Low,Medium Experience,2,3.23,0.26666666666666666,0.0
CR00008,2025-08,12,0.0,17.0,0.0,0.0,158,0.0,Photoshop Mastery,Design,Free,Advanced,0.0,2.87,1.52,9.466666666666667,3.23,15,Free,Short,Low,Medium Experience,2,3.23,0.26666666666666666,0.0
CR00008,2025-09,12,0.0,12.0,0.0,0.0,158,0.0,Photoshop Mastery,Design,Free,Advanced,0.0,2.87,1.52,9.466666666666667,3.23,15,Free,Short,Low,Medium Experience,2,3.23,0.26666666666666666,0.0
CR00008,2025-10,13,0.0,12.0,0.0,0.0,158,0.0,Photoshop Mastery,Design,Free,Advanced,0.0,2.87,1.52,9.466666666666667,3.23,15,Free,Short,Low,Medium Experience,2,3.23,0.26666666666666666,0.0
CR00008,2025-11,17,0.0,13.0,0.0,0.0,158,0.0,Photoshop Mastery,Design,Free,Advanced,0.0,2.87,1.52,9.466666666666667,3.23,15,Free,Short,Low,Medium Experience,2,3.23,0.26666666666666666,0.0
CR00008,2025-12,14,0.0,17.0,0.0,0.0,158,0.0,Photoshop Mastery,Design,Free,Advanced,0.0,2.87,1.52,9.466666666666667,3.23,15,Free,Short,Low,Medium Experience,2,3.23,0.26666666666666666,0.0
CR00009,2025-01,10,0.0,,,0.0,155,0.0,Web Design Fundamentals,Design,Free,Beginner,0.0,48.19,4.51,8.105263157894736,3.2189473684210523,19,Free,Long,High,Medium Experience,0,3.2189473684210523,0.21052631578947367,0.0
CR00009,2025-02,18,0.0,10.0,0.0,0.0,155,0.0,Web Design Fundamentals,Design,Free,Beginner,0.0,48.19,4.51,8.105263157894736,3.2189473684210523,19,Free,Long,High,Medium Experience,0,3.2189473684210523,0.21052631578947367,0.0
CR00009,2025-03,12,0.0,18.0,0.0,0.0,155,0.0,Web Design Fundamentals,Design,Free,Beginner,0.0,48.19,4.51,8.105263157894736,3.2189473684210523,19,Free,Long,High,Medium Experience,0,3.2189473684210523,0.21052631578947367,0.0
CR00009,2025-04,10,0.0,12.0,0.0,0.0,155,0.0,Web Design Fundamentals,Design,Free,Beginner,0.0,48.19,4.51,8.105263157894736,3.2189473684210523,19,Free,Long,High,Medium Experience,0,3.2189473684210523,0.21052631578947367,0.0
CR00009,2025-05,11,0.0,10.0,0.0,0.0,155,0.0,Web Design Fundamentals,Design,Free,Beginner,0.0,48.19,4.51,8.105263157894736,3.2189473684210523,19,Free,Long,High,Medium Experience,0,3.2189473684210523,0.21052631578947367,0.0
CR00009,2025-06,17,0.0,11.0,0.0,0.0,155,0.0,Web Design Fundamentals,Design,Free,Beginner,0.0,48.19,4.51,8.105263157894736,3.2189473684210523,19,Free,Long,High,Medium Experience,0,3.2189473684210523,0.21052631578947367,0.0
CR00009,2025-07,17,0.0,17.0,0.0,0.0,155,0.0,Web Design Fundamentals,Design,Free,Beginner,0.0,48.19,4.51,8.105263157894736,3.2189473684210523,19,Free,Long,High,Medium Experience,0,3.2189473684210523,0.21052631578947367,0.0
CR00009,2025-08,15,0.0,17.0,0.0,0.0,155,0.0,Web Design Fundamentals,Design,Free,Beginner,0.0,48.19,4.51,8.105263157894736,3.2189473684210523,19,Free,Long,High,Medium Experience,0,3.2189473684210523,0.21052631578947367,0.0
CR00009,2025-09,11,0.0,15.0,0.0,0.0,155,0.0,Web Design Fundamentals,Design,Free,Beginner,0.0,48.19,4.51,8.105263157894736,3.2189473684210523,19,Free,Long,High,Medium Experience,0,3.2189473684210523,0.21052631578947367,0.0
CR00009,2025-10,12,0.0,11.0,0.0,0.0,155,0.0,Web Design Fundamentals,Design,Free,Beginner,0.0,48.19,4.51,8.105263157894736,3.2189473684210523,19,Free,Long,High,Medium Experience,0,3.2189473684210523,0.21052631578947367,0.0
CR00009,2025-11,6,0.0,12.0,0.0,0.0,155,0.0,Web Design Fundamentals,Design,Free,Beginner,0.0,48.19,4.51,8.105263157894736,3.2189473684210523,19,Free,Long,High,Medium Experience,0,3.2189473684210523,0.21052631578947367,0.0
CR00009,2025-12,16,0.0,6.0,0.0,0.0,155,0.0,Web Design Fundamentals,Design,Free,Beginner,0.0,48.19,4.51,8.105263157894736,3.2189473684210523,19,Free,Long,High,Medium Experience,0,3.2189473684210523,0.21052631578947367,0.0
CR00010,2025-01,12,0.0,,,0.0,180,0.0,3D Modeling,Design,Free,Advanced,0.0,15.29,4.45,7.888888888888889,3.1744444444444446,18,Free,Short,High,Medium Experience,2,3.1744444444444446,0.2222222222222222,0.0
CR00010,2025-02,9,0.0,12.0,0.0,0.0,180,0.0,3D Modeling,Design,Free,Advanced,0.0,15.29,4.45,7.888888888888889,3.1744444444444446,18,Free,Short,High,Medium Experience,2,3.1744444444444446,0.2222222222222222,0.0
CR00010,2025-03,13,0.0,9.0,0.0,0.0,180,0.0,3D Modeling,Design,Free,Advanced,0.0,15.29,4.45,7.888888888888889,3.1744444444444446,18,Free,Short,High,Medium Experience,2,3.1744444444444446,0.2222222222222222,0.0
CR00010,2025-04,20,0.0,13.0,0.0,0.0,180,0.0,3D Modeling,Design,Free,Advanced,0.0,15.29,4.45,7.888888888888889,3.1744444444444446,18,Free,Short,High,Medium Experience,2,3.1744444444444446,0.2222222222222222,0.0
CR00010,2025-05,14,0.0,20.0,0.0,0.0,180,0.0,3D Modeling,Design,Free,Advanced,0.0,15.29,4.45,7.888888888888889,3.1744444444444446,18,Free,Short,High,Medium Experience,2,3.1744444444444446,0.2222222222222222,0.0
CR00010,2025-06,19,0.0,14.0,0.0,0.0,180,0.0,3D Modeling,Design,Free,Advanced,0.0,15.29,4.45,7.888888888888889,3.1744444444444446,18,Free,Short,High,Medium Experience,2,3.1744444444444446,0.2222222222222222,0.0
CR00010,2025-07,17,0.0,19.0,0.0,0.0,180,0.0,3D Modeling,Design,Free,Advanced,0.0,15.29,4.45,7.888888888888889,3.1744444444444446,18,Free,Short,High,Medium Experience,2,3.1744444444444446,0.2222222222222222,0.0
CR00010,2025-08,9,0.0,17.0,0.0,0.0,180,0.0,3D Modeling,Design,Free,Advanced,0.0,15.29,4.45,7.888888888888889,3.1744444444444446,18,Free,Short,High,Medium Experience,2,3.1744444444444446,0.2222222222222222,0.0
CR00010,2025-09,17,0.0,9.0,0.0,0.0,180,0.0,3D Modeling,Design,Free,Advanced,0.0,15.29,4.45,7.888888888888889,3.1744444444444446,18,Free,Short,High,Medium Experience,2,3.1744444444444446,0.2222222222222222,0.0
CR00010,2025-10,10,0.0,17.0,0.0,0.0,180,0.0,3D Modeling,Design,Free,Advanced,0.0,15.29,4.45,7.888888888888889,3.1744444444444446,18,Free,Short,High,Medium Experience,2,3.1744444444444446,0.2222222222222222,0.0
CR00010,2025-11,23,0.0,10.0,0.0,0.0,180,0.0,3D Modeling,Design,Free,Advanced,0.0,15.29,4.45,7.888888888888889,3.1744444444444446,18,Free,Short,High,Medium Experience,2,3.1744444444444446,0.2222222222222222,0.0
CR00010,2025-12,17,0.0,23.0,0.0,0.0,180,0.0,3D Modeling,Design,Free,Advanced,0.0,15.29,4.45,7.888888888888889,3.1744444444444446,18,Free,Short,High,Medium Experience,2,3.1744444444444446,0.2222222222222222,0.0
CR00011,2025-01,14,4564.28,,,326.02,151,49229.02,Entrepreneurship 101,Business,Paid,Intermediate,326.02,11.31,2.69,9.3125,3.9056249999999997,16,High,Short,Medium,Medium Experience,1,3.9056249999999997,0.125,326.02
CR00011,2025-02,14,4564.28,14.0,4564.28,326.02,151,49229.02,Entrepreneurship 101,Business,Paid,Intermediate,326.02,11.31,2.69,9.3125,3.9056249999999997,16,High,Short,Medium,Medium Experience,1,3.9056249999999997,0.125,326.02
CR00011,2025-03,9,2934.18,14.0,4564.28,326.02,151,49229.02,Entrepreneurship 101,Business,Paid,Intermediate,326.02,11.31,2.69,9.3125,3.9056249999999997,16,High,Short,Medium,Medium Experience,1,3.9056249999999997,0.125,326.02
CR00011,2025-04,16,5216.32,9.0,4020.9133333333334,326.02,151,49229.02,Entrepreneurship 101,Business,Paid,Intermediate,326.02,11.31,2.69,9.3125,3.9056249999999997,16,High,Short,Medium,Medium Experience,1,3.9056249999999997,0.125,326.02
CR00011,2025-05,11,3586.22,16.0,4319.764999999999,326.02,151,49229.02,Entrepreneurship 101,Business,Paid,Intermediate,326.02,11.31,2.69,9.3125,3.9056249999999997,16,High,Short,Medium,Medium Experience,1,3.9056249999999997,0.125,326.02
CR00011,2025-06,11,3586.22,11.0,4173.056,326.02,151,49229.02,Entrepreneurship 101,Business,Paid,Intermediate,326.02,11.31,2.69,9.3125,3.9056249999999997,16,High,Short,Medium,Medium Experience,1,3.9056249999999997,0.125,326.02
CR00011,2025-07,18,5868.36,11.0,4075.25,326.02,151,49229.02,Entrepreneurship 101,Business,Paid,Intermediate,326.02,11.31,2.69,9.3125,3.9056249999999997,16,High,Short,Medium,Medium Experience,1,3.9056249999999997,0.125,326.02
CR00011,2025-08,6,1956.12,18.0,4331.408571428571,326.02,151,49229.02,Entrepreneurship 101,Business,Paid,Intermediate,326.02,11.31,2.69,9.3125,3.9056249999999997,16,High,Short,Medium,Medium Experience,1,3.9056249999999997,0.125,326.02
CR00011,2025-09,12,3912.24,6.0,4034.4975,326.02,151,49229.02,Entrepreneurship 101,Business,Paid,Intermediate,326.02,11.31,2.69,9.3125,3.9056249999999997,16,High,Short,Medium,Medium Experience,1,3.9056249999999997,0.125,326.02
CR00011,2025-10,16,5216.32,12.0,4020.9133333333334,326.02,151,49229.02,Entrepreneurship 101,Business,Paid,Intermediate,326.02,11.31,2.69,9.3125,3.9056249999999997,16,High,Short,Medium,Medium Experience,1,3.9056249999999997,0.125,326.02
CR00011,2025-11,12,3912.24,16.0,4140.454,326.02,151,49229.02,Entrepreneurship 101,Business,Paid,Intermediate,326.02,11.31,2.69,9.3125,3.9056249999999997,16,High,Short,Medium,Medium Experience,1,3.9056249999999997,0.125,326.02
CR00011,2025-12,12,3912.24,12.0,4119.7072727272725,326.02,151,49229.02,Entrepreneurship 101,Business,Paid,Intermediate,326.02,11.31,2.69,9.3125,3.9056249999999997,16,High,Short,Medium,Medium Experience,1,3.9056249999999997,0.125,326.02
CR00012,2025-01,20,9758.4,,,487.91999999999996,173,84410.16,Business Strategy,Business,Paid,Advanced,487.92,36.01,3.64,9.555555555555555,3.8855555555555554,18,High,Medium,Medium,Medium Experience,2,3.8855555555555554,0.1111111111111111,487.92
CR00012,2025-02,10,4879.2,20.0,9758.4,487.91999999999996,173,84410.16,Business Strategy,Business,Paid,Advanced,487.92,36.01,3.64,9.555555555555555,3.8855555555555554,18,High,Medium,Medium,Medium Experience,2,3.8855555555555554,0.1111111111111111,487.92
CR00012,2025-03,21,10246.32,10.0,7318.799999999999,487.91999999999996,173,84410.16,Business Strategy,Business,Paid,Advanced,487.92,36.01,3.64,9.555555555555555,3.8855555555555554,18,High,Medium,Medium,Medium Experience,2,3.8855555555555554,0.1111111111111111,487.92
CR00012,2025-04,15,7318.8,21.0,8294.64,487.92,173,84410.16,Business Strategy,Business,Paid,Advanced,487.92,36.01,3.64,9.555555555555555,3.8855555555555554,18,High,Medium,Medium,Medium Experience,2,3.8855555555555554,0.1111111111111111,487.92
CR00012,2025-05,6,2927.52,15.0,8050.679999999999,487.92,173,84410.16,Business Strategy,Business,Paid,Advanced,487.92,36.01,3.64,9.555555555555555,3.8855555555555554,18,High,Medium,Medium,Medium Experience,2,3.8855555555555554,0.1111111111111111,487.92
CR00012,2025-06,14,6830.88,6.0,7026.048,487.92,173,84410.16,Business Strategy,Business,Paid,Advanced,487.92,36.01,3.64,9.555555555555555,3.8855555555555554,18,High,Medium,Medium,Medium Experience,2,3.8855555555555554,0.1111111111111111,487.92
CR00012,2025-07,18,8782.56,14.0,6993.5199999999995,487.91999999999996,173,84410.16,Business Strategy,Business,Paid,Advanced,487.92,36.01,3.64,9.555555555555555,3.8855555555555554,18,High,Medium,Medium,Medium Experience,2,3.8855555555555554,0.1111111111111111,487.92
CR00012,2025-08,11,5367.12,18.0,7249.097142857143,487.92,173,84410.16,Business Strategy,Business,Paid,Advanced,487.92,36.01,3.64,9.555555555555555,3.8855555555555554,18,High,Medium,Medium,Medium Experience,2,3.8855555555555554,0.1111111111111111,487.92
CR00012,2025-09,15,7318.8,11.0,7013.849999999999,487.92,173,84410.16,Business Strategy,Business,Paid,Advanced,487.92,36.01,3.64,9.555555555555555,3.8855555555555554,18,High,Medium,Medium,Medium Experience,2,3.8855555555555554,0.1111111111111111,487.92
CR00012,2025-10,20,9758.4,15.0,7047.733333333334,487.91999999999996,173,84410.16,Business Strategy,Business,Paid,Advanced,487.92,36.01,3.64,9.555555555555555,3.8855555555555554,18,High,Medium,Medium,Medium Experience,2,3.8855555555555554,0.1111111111111111,487.92
CR00012,2025-11,11,5367.12,20.0,7318.8,487.92,173,84410.16,Business Strategy,Business,Paid,Advanced,487.92,36.01,3.64,9.555555555555555,3.8855555555555554,18,High,Medium,Medium,Medium Experience,2,3.8855555555555554,0.1111111111111111,487.92
CR00012,2025-12,12,5855.04,11.0,7141.374545454545,487.92,173,84410.16,Business Strategy,Business,Paid,Advanced,487.92,36.01,3.64,9.555555555555555,3.8855555555555554,18,High,Medium,Medium,Medium Experience,2,3.8855555555555554,0.1111111111111111,487.92
CR00013,2025-01,20,0.0,,,0.0,170,0.0,Finance for Startups,Business,Free,Advanced,0.0,15.84,2.0,9.15,3.8954999999999993,20,Free,Short,Low,Medium Experience,2,3.8954999999999993,0.1,0.0
CR00013,2025-02,12,0.0,20.0,0.0,0.0,170,0.0,Finance for Startups,Business,Free,Advanced,0.0,15.84,2.0,9.15,3.8954999999999993,20,Free,Short,Low,Medium Experience,2,3.8954999999999993,0.1,0.0
CR00013,2025-03,23,0.0,12.0,0.0,0.0,170,0.0,Finance for Startups,Business,Free,Advanced,0.0,15.84,2.0,9.15,3.8954999999999993,20,Free,Short,Low,Medium Experience,2,3.8954999999999993,0.1,0.0
CR00013,2025-04,18,0.0,23.0,0.0,0.0,170,0.0,Finance for Startups,Business,Free,Advanced,0.0,15.84,2.0,9.15,3.8954999999999993,20,Free,Short,Low,Medium Experience,2,3.8954999999999993,0.1,0.0
CR00013,2025-05,10,0.0,18.0,0.0,0.0,170,0.0,Finance for Startups,Business,Free,Advanced,0.0,15.84,2.0,9.15,3.8954999999999993,20,Free,Short,Low,Medium Experience,2,3.8954999999999993,0.1,0.0
CR00013,2025-06,13,0.0,10.0,0.0,0.0,170,0.0,Finance for Startups,Business,Free,Advanced,0.0,15.84,2.0,9.15,3.8954999999999993,20,Free,Short,Low,Medium Experience,2,3.8954999999999993,0.1,0.0
CR00013,2025-07,14,0.0,13.0,0.0,0.0,170,0.0,Finance for Startups,Business,Free,Advanced,0.0,15.84,2.0,9.15,3.8954999999999993,20,Free,Short,Low,Medium Experience,2,3.8954999999999993,0.1,0.0
CR00013,2025-08,12,0.0,14.0,0.0,0.0,170,0.0,Finance for Startups,Business,Free,Advanced,0.0,15.84,2.0,9.15,3.8954999999999993,20,Free,Short,Low,Medium Experience,2,3.8954999999999993,0.1,0.0
CR00013,2025-09,9,0.0,12.0,0.0,0.0,170,0.0,Finance for Startups,Business,Free,Advanced,0.0,15.84,2.0,9.15,3.8954999999999993,20,Free,Short,Low,Medium Experience,2,3.8954999999999993,0.1,0.0
CR00013,2025-10,10,0.0,9.0,0.0,0.0,170,0.0,Finance for Startups,Business,Free,Advanced,0.0,15.84,2.0,9.15,3.8954999999999993,20,Free,Short,Low,Medium Experience,2,3.8954999999999993,0.1,0.0
CR00013,2025-11,14,0.0,10.0,0.0,0.0,170,0.0,Finance for Startups,Business,Free,Advanced,0.0,15.84,2.0,9.15,3.8954999999999993,20,Free,Short,Low,Medium Experience,2,3.8954999999999993,0.1,0.0
CR00013,2025-12,15,0.0,14.0,0.0,0.0,170,0.0,Finance for Startups,Business,Free,Advanced,0.0,15.84,2.0,9.15,3.8954999999999993,20,Free,Short,Low,Medium Experience,2,3.8954999999999993,0.1,0.0
CR00014,2025-01,15,0.0,,,0.0,171,0.0,Sales Mastery,Business,Free,Advanced,0.0,22.29,3.15,8.777777777777779,3.8666666666666663,18,Free,Medium,Medium,Medium Experience,2,3.8666666666666663,0.1111111111111111,0.0
CR00014,2025-02,14,0.0,15.0,0.0,0.0,171,0.0,Sales Mastery,Business,Free,Advanced,0.0,22.29,3.15,8.777777777777779,3.8666666666666663,18,Free,Medium,Medium,Medium Experience,2,3.8666666666666663,0.1111111111111111,0.0
CR00014,2025-03,17,0.0,14.0,0.0,0.0,171,0.0,Sales Mastery,Business,Free,Advanced,0.0,22.29,3.15,8.777777777777779,3.8666666666666663,18,Free,Medium,Medium,Medium Experience,2,3.8666666666666663,0.1111111111111111,0.0
CR00014,2025-04,12,0.0,17.0,0.0,0.0,171,0.0,Sales Mastery,Business,Free,Advanced,0.0,22.29,3.15,8.777777777777779,3.8666666666666663,18,Free,Medium,Medium,Medium Experience,2,3.8666666666666663,0.1111111111111111,0.0
CR00014,2025-05,14,0.0,12.0,0.0,0.0,171,0.0,Sales Mastery,Business,Free,Advanced,0.0,22.29,3.15,8.777777777777779,3.8666666666666663,18,Free,Medium,Medium,Medium Experience,2,3.8666666666666663,0.1111111111111111,0.0
CR00014,2025-06,15,0.0,14.0,0.0,0.0,171,0.0,Sales Mastery,Business,Free,Advanced,0.0,22.29,3.15,8.777777777777779,3.8666666666666663,18,Free,Medium,Medium,Medium Experience,2,3.8666666666666663,0.1111111111111111,0.0
CR00014,2025-07,8,0.0,15.0,0.0,0.0,171,0.0,Sales Mastery,Business,Free,Advanced,0.0,22.29,3.15,8.777777777777779,3.8666666666666663,18,Free,Medium,Medium,Medium Experience,2,3.8666666666666663,0.1111111111111111,0.0
CR00014,2025-08,14,0.0,8.0,0.0,0.0,171,0.0,Sales Mastery,Business,Free,Advanced,0.0,22.29,3.15,8.777777777777779,3.8666666666666663,18,Free,Medium,Medium,Medium Experience,2,3.8666666666666663,0.1111111111111111,0.0
CR00014,2025-09,18,0.0,14.0,0.0,0.0,171,0.0,Sales Mastery,Business,Free,Advanced,0.0,22.29,3.15,8.777777777777779,3.8666666666666663,18,Free,Medium,Medium,Medium Experience,2,3.8666666666666663,0.1111111111111111,0.0
CR00014,2025-10,16,0.0,18.0,0.0,0.0,171,0.0,Sales Mastery,Business,Free,Advanced,0.0,22.29,3.15,8.777777777777779,3.8666666666666663,18,Free,Medium,Medium,Medium Experience,2,3.8666666666666663,0.1111111111111111,0.0
CR00014,2025-11,21,0.0,16.0,0.0,0.0,171,0.0,Sales Mastery,Business,Free,Advanced,0.0,22.29,3.15,8.777777777777779,3.8666666666666663,18,Free,Medium,Medium,Medium Experience,2,3.8666666666666663,0.1111111111111111,0.0
CR00014,2025-12,7,0.0,21.0,0.0,0.0,171,0.0,Sales Mastery,Business,Free,Advanced,0.0,22.29,3.15,8.777777777777779,3.8666666666666663,18,Free,Medium,Medium,Medium Experience,2,3.8666666666666663,0.1111111111111111,0.0
CR00015,2025-01,13,3705.65,,,285.05,168,47888.4,Leadership Essentials,Business,Paid,Beginner,285.05,34.78,1.96,10.0,3.877368421052631,19,High,Medium,Low,Medium Experience,0,3.877368421052631,0.10526315789473684,285.05
CR00015,2025-02,11,3135.55,13.0,3705.65,285.05,168,47888.4,Leadership Essentials,Business,Paid,Beginner,285.05,34.78,1.96,10.0,3.877368421052631,19,High,Medium,Low,Medium Experience,0,3.877368421052631,0.10526315789473684,285.05
CR00015,2025-03,11,3135.55,11.0,3420.6000000000004,285.05,168,47888.4,Leadership Essentials,Business,Paid,Beginner,285.05,34.78,1.96,10.0,3.877368421052631,19,High,Medium,Low,Medium Experience,0,3.877368421052631,0.10526315789473684,285.05
CR00015,2025-04,16,4560.8,11.0,3325.5833333333335,285.05,168,47888.4,Leadership Essentials,Business,Paid,Beginner,285.05,34.78,1.96,10.0,3.877368421052631,19,High,Medium,Low,Medium Experience,0,3.877368421052631,0.10526315789473684,285.05
CR00015,2025-05,14,3990.7000000000003,16.0,3634.3875000000003,285.05,168,47888.4,Leadership Essentials,Business,Paid,Beginner,285.05,34.78,1.96,10.0,3.877368421052631,19,High,Medium,Low,Medium Experience,0,3.877368421052631,0.10526315789473684,285.05
CR00015,2025-06,19,5415.95,14.0,3705.65,285.05,168,47888.4,Leadership Essentials,Business,Paid,Beginner,285.05,34.78,1.96,10.0,3.877368421052631,19,High,Medium,Low,Medium Experience,0,3.877368421052631,0.10526315789473684,285.05
CR00015,2025-07,13,3705.65,19.0,3990.7000000000003,285.05,168,47888.4,Leadership Essentials,Business,Paid,Beginner,285.05,34.78,1.96,10.0,3.877368421052631,19,High,Medium,Low,Medium Experience,0,3.877368421052631,0.10526315789473684,285.05
CR00015,2025-08,10,2850.5,13.0,3949.9785714285717,285.05,168,47888.4,Leadership Essentials,Business,Paid,Beginner,285.05,34.78,1.96,10.0,3.877368421052631,19,High,Medium,Low,Medium Experience,0,3.877368421052631,0.10526315789473684,285.05
CR00015,2025-09,18,5130.900000000001,10.0,3812.5437500000003,285.05,168,47888.4,Leadership Essentials,Business,Paid,Beginner,285.05,34.78,1.96,10.0,3.877368421052631,19,High,Medium,Low,Medium Experience,0,3.877368421052631,0.10526315789473684,285.05
CR00015,2025-10,13,3705.65,18.0,3959.027777777778,285.05,168,47888.4,Leadership Essentials,Business,Paid,Beginner,285.05,34.78,1.96,10.0,3.877368421052631,19,High,Medium,Low,Medium Experience,0,3.877368421052631,0.10526315789473684,285.05
CR00015,2025-11,13,3705.65,13.0,3933.69,285.05,168,47888.4,Leadership Essentials,Business,Paid,Beginner,285.05,34.78,1.96,10.0,3.877368421052631,19,High,Medium,Low,Medium Experience,0,3.877368421052631,0.10526315789473684,285.05
CR00015,2025-12,17,4845.85,13.0,3912.959090909091,285.05,168,47888.4,Leadership Essentials,Business,Paid,Beginner,285.05,34.78,1.96,10.0,3.877368421052631,19,High,Medium,Low,Medium Experience,0,3.877368421052631,0.10526315789473684,285.05
CR00016,2025-01,13,0.0,,,0.0,153,0.0,Digital Marketing,Marketing,Free,Intermediate,0.0,42.68,4.72,5.366666666666666,2.6653333333333338,30,Free,Long,High,Medium Experience,1,2.6653333333333338,0.03333333333333333,0.0
CR00016,2025-02,15,0.0,13.0,0.0,0.0,153,0.0,Digital Marketing,Marketing,Free,Intermediate,0.0,42.68,4.72,5.366666666666666,2.6653333333333338,30,Free,Long,High,Medium Experience,1,2.6653333333333338,0.03333333333333333,0.0
CR00016,2025-03,9,0.0,15.0,0.0,0.0,153,0.0,Digital Marketing,Marketing,Free,Intermediate,0.0,42.68,4.72,5.366666666666666,2.6653333333333338,30,Free,Long,High,Medium Experience,1,2.6653333333333338,0.03333333333333333,0.0
CR00016,2025-04,9,0.0,9.0,0.0,0.0,153,0.0,Digital Marketing,Marketing,Free,Intermediate,0.0,42.68,4.72,5.366666666666666,2.6653333333333338,30,Free,Long,High,Medium Experience,1,2.6653333333333338,0.03333333333333333,0.0
CR00016,2025-05,7,0.0,9.0,0.0,0.0,153,0.0,Digital Marketing,Marketing,Free,Intermediate,0.0,42.68,4.72,5.366666666666666,2.6653333333333338,30,Free,Long,High,Medium Experience,1,2.6653333333333338,0.03333333333333333,0.0
CR00016,2025-06,11,0.0,7.0,0.0,0.0,153,0.0,Digital Marketing,Marketing,Free,Intermediate,0.0,42.68,4.72,5.366666666666666,2.6653333333333338,30,Free,Long,High,Medium Experience,1,2.6653333333333338,0.03333333333333333,0.0
CR00016,2025-07,15,0.0,11.0,0.0,0.0,153,0.0,Digital Marketing,Marketing,Free,Intermediate,0.0,42.68,4.72,5.366666666666666,2.6653333333333338,30,Free,Long,High,Medium Experience,1,2.6653333333333338,0.03333333333333333,0.0
CR00016,2025-08,16,0.0,15.0,0.0,0.0,153,0.0,Digital Marketing,Marketing,Free,Intermediate,0.0,42.68,4.72,5.366666666666666,2.6653333333333338,30,Free,Long,High,Medium Experience,1,2.6653333333333338,0.03333333333333333,0.0
CR00016,2025-09,14,0.0,16.0,0.0,0.0,153,0.0,Digital Marketing,Marketing,Free,Intermediate,0.0,42.68,4.72,5.366666666666666,2.6653333333333338,30,Free,Long,High,Medium Experience,1,2.6653333333333338,0.03333333333333333,0.0
CR00016,2025-10,15,0.0,14.0,0.0,0.0,153,0.0,Digital Marketing,Marketing,Free,Intermediate,0.0,42.68,4.72,5.366666666666666,2.6653333333333338,30,Free,Long,High,Medium Experience,1,2.6653333333333338,0.03333333333333333,0.0
CR00016,2025-11,21,0.0,15.0,0.0,0.0,153,0.0,Digital Marketing,Marketing,Free,Intermediate,0.0,42.68,4.72,5.366666666666666,2.6653333333333338,30,Free,Long,High,Medium Experience,1,2.6653333333333338,0.03333333333333333,0.0
CR00016,2025-12,8,0.0,21.0,0.0,0.0,153,0.0,Digital Marketing,Marketing,Free,Intermediate,0.0,42.68,4.72,5.366666666666666,2.6653333333333338,30,Free,Long,High,Medium Experience,1,2.6653333333333338,0.03333333333333333,0.0
CR00017,2025-01,15,0.0,,,0.0,158,0.0,SEO Mastery,Marketing,Free,Advanced,0.0,29.37,4.79,6.357142857142857,2.821785714285715,28,Free,Medium,High,Medium Experience,2,2.821785714285715,0.03571428571428571,0.0
CR00017,2025-02,17,0.0,15.0,0.0,0.0,158,0.0,SEO Mastery,Marketing,Free,Advanced,0.0,29.37,4.79,6.357142857142857,2.821785714285715,28,Free,Medium,High,Medium Experience,2,2.821785714285715,0.03571428571428571,0.0
CR00017,2025-03,11,0.0,17.0,0.0,0.0,158,0.0,SEO Mastery,Marketing,Free,Advanced,0.0,29.37,4.79,6.357142857142857,2.821785714285715,28,Free,Medium,High,Medium Experience,2,2.821785714285715,0.03571428571428571,0.0
CR00017,2025-04,11,0.0,11.0,0.0,0.0,158,0.0,SEO Mastery,Marketing,Free,Advanced,0.0,29.37,4.79,6.357142857142857,2.821785714285715,28,Free,Medium,High,Medium Experience,2,2.821785714285715,0.03571428571428571,0.0
CR00017,2025-05,7,0.0,11.0,0.0,0.0,158,0.0,SEO Mastery,Marketing,Free,Advanced,0.0,29.37,4.79,6.357142857142857,2.821785714285715,28,Free,Medium,High,Medium Experience,2,2.821785714285715,0.03571428571428571,0.0
CR00017,2025-06,16,0.0,7.0,0.0,0.0,158,0.0,SEO Mastery,Marketing,Free,Advanced,0.0,29.37,4.79,6.357142857142857,2.821785714285715,28,Free,Medium,High,Medium Experience,2,2.821785714285715,0.03571428571428571,0.0
CR00017,2025-07,8,0.0,16.0,0.0,0.0,158,0.0,SEO Mastery,Marketing,Free,Advanced,0.0,29.37,4.79,6.357142857142857,2.821785714285715,28,Free,Medium,High,Medium Experience,2,2.821785714285715,0.03571428571428571,0.0
CR00017,2025-08,18,0.0,8.0,0.0,0.0,158,0.0,SEO Mastery,Marketing,Free,Advanced,0.0,29.37,4.79,6.357142857142857,2.821785714285715,28,Free,Medium,High,Medium Experience,2,2.821785714285715,0.03571428571428571,0.0
CR00017,2025-09,18,0.0,18.0,0.0,0.0,158,0.0,SEO Mastery,Marketing,Free,Advanced,0.0,29.37,4.79,6.357142857142857,2.821785714285715,28,Free,Medium,High,Medium Experience,2,2.821785714285715,0.03571428571428571,0.0
CR00017,2025-10,10,0.0,18.0,0.0,0.0,158,0.0,SEO Mastery,Marketing,Free,Advanced,0.0,29.37,4.79,6.357142857142857,2.821785714285715,28,Free,Medium,High,Medium Experience,2,2.821785714285715,0.03571428571428571,0.0
CR00017,2025-11,14,0.0,10.0,0.0,0.0,158,0.0,SEO Mastery,Marketing,Free,Advanced,0.0,29.37,4.79,6.357142857142857,2.821785714285715,28,Free,Medium,High,Medium Experience,2,2.821785714285715,0.03571428571428571,0.0
CR00017,2025-12,13,0.0,14.0,0.0,0.0,158,0.0,SEO Mastery,Marketing,Free,Advanced,0.0,29.37,4.79,6.357142857142857,2.821785714285715,28,Free,Medium,High,Medium Experience,2,2.821785714285715,0.03571428571428571,0.0
CR00018,2025-01,12,0.0,,,0.0,163,0.0,Social Media Marketing,Marketing,Free,Advanced,0.0,15.44,2.01,6.107142857142857,2.8267857142857147,28,Free,Short,Low,Medium Experience,2,2.8267857142857147,0.03571428571428571,0.0
CR00018,2025-02,8,0.0,12.0,0.0,0.0,163,0.0,Social Media Marketing,Marketing,Free,Advanced,0.0,15.44,2.01,6.107142857142857,2.8267857142857147,28,Free,Short,Low,Medium Experience,2,2.8267857142857147,0.03571428571428571,0.0
CR00018,2025-03,12,0.0,8.0,0.0,0.0,163,0.0,Social Media Marketing,Marketing,Free,Advanced,0.0,15.44,2.01,6.107142857142857,2.8267857142857147,28,Free,Short,Low,Medium Experience,2,2.8267857142857147,0.03571428571428571,0.0
CR00018,2025-04,17,0.0,12.0,0.0,0.0,163,0.0,Social Media Marketing,Marketing,Free,Advanced,0.0,15.44,2.01,6.107142857142857,2.8267857142857147,28,Free,Short,Low,Medium Experience,2,2.8267857142857147,0.03571428571428571,0.0
CR00018,2025-05,15,0.0,17.0,0.0,0.0,163,0.0,Social Media Marketing,Marketing,Free,Advanced,0.0,15.44,2.01,6.107142857142857,2.8267857142857147,28,Free,Short,Low,Medium Experience,2,2.8267857142857147,0.03571428571428571,0.0
CR00018,2025-06,17,0.0,15.0,0.0,0.0,163,0.0,Social Media Marketing,Marketing,Free,Advanced,0.0,15.44,2.01,6.107142857142857,2.8267857142857147,28,Free,Short,Low,Medium Experience,2,2.8267857142857147,0.03571428571428571,0.0
CR00018,2025-07,13,0.0,17.0,0.0,0.0,163,0.0,Social Media Marketing,Marketing,Free,Advanced,0.0,15.44,2.01,6.107142857142857,2.8267857142857147,28,Free,Short,Low,Medium Experience,2,2.8267857142857147,0.03571428571428571,0.0
CR00018,2025-08,16,0.0,13.0,0.0,0.0,163,0.0,Social Media Marketing,Marketing,Free,Advanced,0.0,15.44,2.01,6.107142857142857,2.8267857142857147,28,Free,Short,Low,Medium Experience,2,2.8267857142857147,0.03571428571428571,0.0
CR00018,2025-09,13,0.0,16.0,0.0,0.0,163,0.0,Social Media Marketing,Marketing,Free,Advanced,0.0,15.44,2.01,6.107142857142857,2.8267857142857147,28,Free,Short,Low,Medium Experience,2,2.8267857142857147,0.03571428571428571,0.0
CR00018,2025-10,15,0.0,13.0,0.0,0.0,163,0.0,Social Media Marketing,Marketing,Free,Advanced,0.0,15.44,2.01,6.107142857142857,2.8267857142857147,28,Free,Short,Low,Medium Experience,2,2.8267857142857147,0.03571428571428571,0.0
CR00018,2025-11,14,0.0,15.0,0.0,0.0,163,0.0,Social Media Marketing,Marketing,Free,Advanced,0.0,15.44,2.01,6.107142857142857,2.8267857142857147,28,Free,Short,Low,Medium Experience,2,2.8267857142857147,0.03571428571428571,0.0
CR00018,2025-12,11,0.0,14.0,0.0,0.0,163,0.0,Social Media Marketing,Marketing,Free,Advanced,0.0,15.44,2.01,6.107142857142857,2.8267857142857147,28,Free,Short,Low,Medium Experience,2,2.8267857142857147,0.03571428571428571,0.0
CR00019,2025-01,15,0.0,,,0.0,177,0.0,Content Marketing,Marketing,Free,Advanced,0.0,18.0,2.98,6.107142857142857,2.7471428571428573,28,Free,Medium,Medium,Medium Experience,2,2.7471428571428573,0.03571428571428571,0.0
CR00019,2025-02,9,0.0,15.0,0.0,0.0,177,0.0,Content Marketing,Marketing,Free,Advanced,0.0,18.0,2.98,6.107142857142857,2.7471428571428573,28,Free,Medium,Medium,Medium Experience,2,2.7471428571428573,0.03571428571428571,0.0
CR00019,2025-03,15,0.0,9.0,0.0,0.0,177,0.0,Content Marketing,Marketing,Free,Advanced,0.0,18.0,2.98,6.107142857142857,2.7471428571428573,28,Free,Medium,Medium,Medium Experience,2,2.7471428571428573,0.03571428571428571,0.0
CR00019,2025-04,13,0.0,15.0,0.0,0.0,177,0.0,Content Marketing,Marketing,Free,Advanced,0.0,18.0,2.98,6.107142857142857,2.7471428571428573,28,Free,Medium,Medium,Medium Experience,2,2.7471428571428573,0.03571428571428571,0.0
CR00019,2025-05,20,0.0,13.0,0.0,0.0,177,0.0,Content Marketing,Marketing,Free,Advanced,0.0,18.0,2.98,6.107142857142857,2.7471428571428573,28,Free,Medium,Medium,Medium Experience,2,2.7471428571428573,0.03571428571428571,0.0
CR00019,2025-06,20,0.0,20.0,0.0,0.0,177,0.0,Content Marketing,Marketing,Free,Advanced,0.0,18.0,2.98,6.107142857142857,2.7471428571428573,28,Free,Medium,Medium,Medium Experience,2,2.7471428571428573,0.03571428571428571,0.0
CR00019,2025-07,15,0.0,20.0,0.0,0.0,177,0.0,Content Marketing,Marketing,Free,Advanced,0.0,18.0,2.98,6.107142857142857,2.7471428571428573,28,Free,Medium,Medium,Medium Experience,2,2.7471428571428573,0.03571428571428571,0.0
CR00019,2025-08,12,0.0,15.0,0.0,0.0,177,0.0,Content Marketing,Marketing,Free,Advanced,0.0,18.0,2.98,6.107142857142857,2.7471428571428573,28,Free,Medium,Medium,Medium Experience,2,2.7471428571428573,0.03571428571428571,0.0
CR00019,2025-09,14,0.0,12.0,0.0,0.0,177,0.0,Content Marketing,Marketing,Free,Advanced,0.0,18.0,2.98,6.107142857142857,2.7471428571428573,28,Free,Medium,Medium,Medium Experience,2,2.7471428571428573,0.03571428571428571,0.0
CR00019,2025-10,13,0.0,14.0,0.0,0.0,177,0.0,Content Marketing,Marketing,Free,Advanced,0.0,18.0,2.98,6.107142857142857,2.7471428571428573,28,Free,Medium,Medium,Medium Experience,2,2.7471428571428573,0.03571428571428571,0.0
CR00019,2025-11,16,0.0,13.0,0.0,0.0,177,0.0,Content Marketing,Marketing,Free,Advanced,0.0,18.0,2.98,6.107142857142857,2.7471428571428573,28,Free,Medium,Medium,Medium Experience,2,2.7471428571428573,0.03571428571428571,0.0
CR00019,2025-12,15,0.0,16.0,0.0,0.0,177,0.0,Content Marketing,Marketing,Free,Advanced,0.0,18.0,2.98,6.107142857142857,2.7471428571428573,28,Free,Medium,Medium,Medium Experience,2,2.7471428571428573,0.03571428571428571,0.0
CR00020,2025-01,13,0.0,,,0.0,155,0.0,Email Marketing,Marketing,Free,Intermediate,0.0,46.25,4.11,6.2,2.7356,25,Free,Long,High,Medium Experience,1,2.7356,0.04,0.0
CR00020,2025-02,10,0.0,13.0,0.0,0.0,155,0.0,Email Marketing,Marketing,Free,Intermediate,0.0,46.25,4.11,6.2,2.7356,25,Free,Long,High,Medium Experience,1,2.7356,0.04,0.0
CR00020,2025-03,13,0.0,10.0,0.0,0.0,155,0.0,Email Marketing,Marketing,Free,Intermediate,0.0,46.25,4.11,6.2,2.7356,25,Free,Long,High,Medium Experience,1,2.7356,0.04,0.0
CR00020,2025-04,8,0.0,13.0,0.0,0.0,155,0.0,Email Marketing,Marketing,Free,Intermediate,0.0,46.25,4.11,6.2,2.7356,25,Free,Long,High,Medium Experience,1,2.7356,0.04,0.0
CR00020,2025-05,11,0.0,8.0,0.0,0.0,155,0.0,Email Marketing,Marketing,Free,Intermediate,0.0,46.25,4.11,6.2,2.7356,25,Free,Long,High,Medium Experience,1,2.7356,0.04,0.0
CR00020,2025-06,20,0.0,11.0,0.0,0.0,155,0.0,Email Marketing,Marketing,Free,Intermediate,0.0,46.25,4.11,6.2,2.7356,25,Free,Long,High,Medium Experience,1,2.7356,0.04,0.0
CR00020,2025-07,9,0.0,20.0,0.0,0.0,155,0.0,Email Marketing,Marketing,Free,Intermediate,0.0,46.25,4.11,6.2,2.7356,25,Free,Long,High,Medium Experience,1,2.7356,0.04,0.0
CR00020,2025-08,14,0.0,9.0,0.0,0.0,155,0.0,Email Marketing,Marketing,Free,Intermediate,0.0,46.25,4.11,6.2,2.7356,25,Free,Long,High,Medium Experience,1,2.7356,0.04,0.0
CR00020,2025-09,15,0.0,14.0,0.0,0.0,155,0.0,Email Marketing,Marketing,Free,Intermediate,0.0,46.25,4.11,6.2,2.7356,25,Free,Long,High,Medium Experience,1,2.7356,0.04,0.0
CR00020,2025-10,13,0.0,15.0,0.0,0.0,155,0.0,Email Marketing,Marketing,Free,Intermediate,0.0,46.25,4.11,6.2,2.7356,25,Free,Long,High,Medium Experience,1,2.7356,0.04,0.0
CR00020,2025-11,16,0.0,13.0,0.0,0.0,155,0.0,Email Marketing,Marketing,Free,Intermediate,0.0,46.25,4.11,6.2,2.7356,25,Free,Long,High,Medium Experience,1,2.7356,0.04,0.0
CR00020,2025-12,13,0.0,16.0,0.0,0.0,155,0.0,Email Marketing,Marketing,Free,Intermediate,0.0,46.25,4.11,6.2,2.7356,25,Free,Long,High,Medium Experience,1,2.7356,0.04,0.0
CR00021,2025-01,17,0.0,,,0.0,196,0.0,Data Analysis with Python,Data Science,Free,Intermediate,0.0,1.2,3.6,10.857142857142858,3.5285714285714285,7,Free,Short,Medium,High Experience,1,3.5285714285714285,0.7142857142857143,0.0
CR00021,2025-02,8,0.0,17.0,0.0,0.0,196,0.0,Data Analysis with Python,Data Science,Free,Intermediate,0.0,1.2,3.6,10.857142857142858,3.5285714285714285,7,Free,Short,Medium,High Experience,1,3.5285714285714285,0.7142857142857143,0.0
CR00021,2025-03,18,0.0,8.0,0.0,0.0,196,0.0,Data Analysis with Python,Data Science,Free,Intermediate,0.0,1.2,3.6,10.857142857142858,3.5285714285714285,7,Free,Short,Medium,High Experience,1,3.5285714285714285,0.7142857142857143,0.0
CR00021,2025-04,17,0.0,18.0,0.0,0.0,196,0.0,Data Analysis with Python,Data Science,Free,Intermediate,0.0,1.2,3.6,10.857142857142858,3.5285714285714285,7,Free,Short,Medium,High Experience,1,3.5285714285714285,0.7142857142857143,0.0
CR00021,2025-05,18,0.0,17.0,0.0,0.0,196,0.0,Data Analysis with Python,Data Science,Free,Intermediate,0.0,1.2,3.6,10.857142857142858,3.5285714285714285,7,Free,Short,Medium,High Experience,1,3.5285714285714285,0.7142857142857143,0.0
CR00021,2025-06,9,0.0,18.0,0.0,0.0,196,0.0,Data Analysis with Python,Data Science,Free,Intermediate,0.0,1.2,3.6,10.857142857142858,3.5285714285714285,7,Free,Short,Medium,High Experience,1,3.5285714285714285,0.7142857142857143,0.0
CR00021,2025-07,23,0.0,9.0,0.0,0.0,196,0.0,Data Analysis with Python,Data Science,Free,Intermediate,0.0,1.2,3.6,10.857142857142858,3.5285714285714285,7,Free,Short,Medium,High Experience,1,3.5285714285714285,0.7142857142857143,0.0
CR00021,2025-08,18,0.0,23.0,0.0,0.0,196,0.0,Data Analysis with Python,Data Science,Free,Intermediate,0.0,1.2,3.6,10.857142857142858,3.5285714285714285,7,Free,Short,Medium,High Experience,1,3.5285714285714285,0.7142857142857143,0.0
CR00021,2025-09,19,0.0,18.0,0.0,0.0,196,0.0,Data Analysis with Python,Data Science,Free,Intermediate,0.0,1.2,3.6,10.857142857142858,3.5285714285714285,7,Free,Short,Medium,High Experience,1,3.5285714285714285,0.7142857142857143,0.0
CR00021,2025-10,12,0.0,19.0,0.0,0.0,196,0.0,Data Analysis with Python,Data Science,Free,Intermediate,0.0,1.2,3.6,10.857142857142858,3.5285714285714285,7,Free,Short,Medium,High Experience,1,3.5285714285714285,0.7142857142857143,0.0
CR00021,2025-11,17,0.0,12.0,0.0,0.0,196,0.0,Data Analysis with Python,Data Science,Free,Intermediate,0.0,1.2,3.6,10.857142857142858,3.5285714285714285,7,Free,Short,Medium,High Experience,1,3.5285714285714285,0.7142857142857143,0.0
CR00021,2025-12,20,0.0,17.0,0.0,0.0,196,0.0,Data Analysis with Python,Data Science,Free,Intermediate,0.0,1.2,3.6,10.857142857142858,3.5285714285714285,7,Free,Short,Medium,High Experience,1,3.5285714285714285,0.7142857142857143,0.0
CR00022,2025-01,19,0.0,,,0.0,177,0.0,Data Visualization,Data Science,Free,Beginner,0.0,32.64,3.65,10.857142857142858,3.5285714285714285,7,Free,Medium,Medium,High Experience,0,3.5285714285714285,0.7142857142857143,0.0
CR00022,2025-02,17,0.0,19.0,0.0,0.0,177,0.0,Data Visualization,Data Science,Free,Beginner,0.0,32.64,3.65,10.857142857142858,3.5285714285714285,7,Free,Medium,Medium,High Experience,0,3.5285714285714285,0.7142857142857143,0.0
CR00022,2025-03,18,0.0,17.0,0.0,0.0,177,0.0,Data Visualization,Data Science,Free,Beginner,0.0,32.64,3.65,10.857142857142858,3.5285714285714285,7,Free,Medium,Medium,High Experience,0,3.5285714285714285,0.7142857142857143,0.0
CR00022,2025-04,11,0.0,18.0,0.0,0.0,177,0.0,Data Visualization,Data Science,Free,Beginner,0.0,32.64,3.65,10.857142857142858,3.5285714285714285,7,Free,Medium,Medium,High Experience,0,3.5285714285714285,0.7142857142857143,0.0
CR00022,2025-05,13,0.0,11.0,0.0,0.0,177,0.0,Data Visualization,Data Science,Free,Beginner,0.0,32.64,3.65,10.857142857142858,3.5285714285714285,7,Free,Medium,Medium,High Experience,0,3.5285714285714285,0.7142857142857143,0.0
CR00022,2025-06,14,0.0,13.0,0.0,0.0,177,0.0,Data Visualization,Data Science,Free,Beginner,0.0,32.64,3.65,10.857142857142858,3.5285714285714285,7,Free,Medium,Medium,High Experience,0,3.5285714285714285,0.7142857142857143,0.0
CR00022,2025-07,11,0.0,14.0,0.0,0.0,177,0.0,Data Visualization,Data Science,Free,Beginner,0.0,32.64,3.65,10.857142857142858,3.5285714285714285,7,Free,Medium,Medium,High Experience,0,3.5285714285714285,0.7142857142857143,0.0
CR00022,2025-08,15,0.0,11.0,0.0,0.0,177,0.0,Data Visualization,Data Science,Free,Beginner,0.0,32.64,3.65,10.857142857142858,3.5285714285714285,7,Free,Medium,Medium,High Experience,0,3.5285714285714285,0.7142857142857143,0.0
CR00022,2025-09,18,0.0,15.0,0.0,0.0,177,0.0,Data Visualization,Data Science,Free,Beginner,0.0,32.64,3.65,10.857142857142858,3.5285714285714285,7,Free,Medium,Medium,High Experience,0,3.5285714285714285,0.7142857142857143,0.0
CR00022,2025-10,15,0.0,18.0,0.0,0.0,177,0.0,Data Visualization,Data Science,Free,Beginner,0.0,32.64,3.65,10.857142857142858,3.5285714285714285,7,Free,Medium,Medium,High Experience,0,3.5285714285714285,0.7142857142857143,0.0
CR00022,2025-11,12,0.0,15.0,0.0,0.0,177,0.0,Data Visualization,Data Science,Free,Beginner,0.0,32.64,3.65,10.857142857142858,3.5285714285714285,7,Free,Medium,Medium,High Experience,0,3.5285714285714285,0.7142857142857143,0.0
CR00022,2025-12,14,0.0,12.0,0.0,0.0,177,0.0,Data Visualization,Data Science,Free,Beginner,0.0,32.64,3.65,10.857142857142858,3.5285714285714285,7,Free,Medium,Medium,High Experience,0,3.5285714285714285,0.7142857142857143,0.0
CR00023,2025-01,15,0.0,,,0.0,185,0.0,Machine Learning Fundamentals,Data Science,Free,Intermediate,0.0,9.71,3.02,10.857142857142858,3.5285714285714285,7,Free,Short,Medium,High Experience,1,3.5285714285714285,0.7142857142857143,0.0
CR00023,2025-02,18,0.0,15.0,0.0,0.0,185,0.0,Machine Learning Fundamentals,Data Science,Free,Intermediate,0.0,9.71,3.02,10.857142857142858,3.5285714285714285,7,Free,Short,Medium,High Experience,1,3.5285714285714285,0.7142857142857143,0.0
CR00023,2025-03,15,0.0,18.0,0.0,0.0,185,0.0,Machine Learning Fundamentals,Data Science,Free,Intermediate,0.0,9.71,3.02,10.857142857142858,3.5285714285714285,7,Free,Short,Medium,High Experience,1,3.5285714285714285,0.7142857142857143,0.0
CR00023,2025-04,18,0.0,15.0,0.0,0.0,185,0.0,Machine Learning Fundamentals,Data Science,Free,Intermediate,0.0,9.71,3.02,10.857142857142858,3.5285714285714285,7,Free,Short,Medium,High Experience,1,3.5285714285714285,0.7142857142857143,0.0
CR00023,2025-05,16,0.0,18.0,0.0,0.0,185,0.0,Machine Learning Fundamentals,Data Science,Free,Intermediate,0.0,9.71,3.02,10.857142857142858,3.5285714285714285,7,Free,Short,Medium,High Experience,1,3.5285714285714285,0.7142857142857143,0.0
CR00023,2025-06,17,0.0,16.0,0.0,0.0,185,0.0,Machine Learning Fundamentals,Data Science,Free,Intermediate,0.0,9.71,3.02,10.857142857142858,3.5285714285714285,7,Free,Short,Medium,High Experience,1,3.5285714285714285,0.7142857142857143,0.0
CR00023,2025-07,22,0.0,17.0,0.0,0.0,185,0.0,Machine Learning Fundamentals,Data Science,Free,Intermediate,0.0,9.71,3.02,10.857142857142858,3.5285714285714285,7,Free,Short,Medium,High Experience,1,3.5285714285714285,0.7142857142857143,0.0
CR00023,2025-08,11,0.0,22.0,0.0,0.0,185,0.0,Machine Learning Fundamentals,Data Science,Free,Intermediate,0.0,9.71,3.02,10.857142857142858,3.5285714285714285,7,Free,Short,Medium,High Experience,1,3.5285714285714285,0.7142857142857143,0.0
CR00023,2025-09,11,0.0,11.0,0.0,0.0,185,0.0,Machine Learning Fundamentals,Data Science,Free,Intermediate,0.0,9.71,3.02,10.857142857142858,3.5285714285714285,7,Free,Short,Medium,High Experience,1,3.5285714285714285,0.7142857142857143,0.0
CR00023,2025-10,12,0.0,11.0,0.0,0.0,185,0.0,Machine Learning Fundamentals,Data Science,Free,Intermediate,0.0,9.71,3.02,10.857142857142858,3.5285714285714285,7,Free,Short,Medium,High Experience,1,3.5285714285714285,0.7142857142857143,0.0
CR00023,2025-11,13,0.0,12.0,0.0,0.0,185,0.0,Machine Learning Fundamentals,Data Science,Free,Intermediate,0.0,9.71,3.02,10.857142857142858,3.5285714285714285,7,Free,Short,Medium,High Experience,1,3.5285714285714285,0.7142857142857143,0.0
CR00023,2025-12,17,0.0,13.0,0.0,0.0,185,0.0,Machine Learning Fundamentals,Data Science,Free,Intermediate,0.0,9.71,3.02,10.857142857142858,3.5285714285714285,7,Free,Short,Medium,High Experience,1,3.5285714285714285,0.7142857142857143,0.0
CR00024,2025-01,9,1059.1200000000001,,,117.68,166,19534.88,Big Data Analytics,Data Science,Paid,Advanced,117.68,48.09,2.57,10.857142857142858,3.5285714285714285,7,Low,Long,Medium,High Experience,2,3.5285714285714285,0.7142857142857143,117.68
CR00024,2025-02,10,1176.8000000000002,9.0,1059.1200000000001,117.68000000000002,166,19534.88,Big Data Analytics,Data Science,Paid,Advanced,117.68,48.09,2.57,10.857142857142858,3.5285714285714285,7,Low,Long,Medium,High Experience,2,3.5285714285714285,0.7142857142857143,117.68
CR00024,2025-03,12,1412.16,10.0,1117.96,117.68,166,19534.88,Big Data Analytics,Data Science,Paid,Advanced,117.68,48.09,2.57,10.857142857142858,3.5285714285714285,7,Low,Long,Medium,High Experience,2,3.5285714285714285,0.7142857142857143,117.68
CR00024,2025-04,11,1294.48,12.0,1216.0266666666669,117.68,166,19534.88,Big Data Analytics,Data Science,Paid,Advanced,117.68,48.09,2.57,10.857142857142858,3.5285714285714285,7,Low,Long,Medium,High Experience,2,3.5285714285714285,0.7142857142857143,117.68
CR00024,2025-05,14,1647.52,11.0,1235.64,117.67999999999999,166,19534.88,Big Data Analytics,Data Science,Paid,Advanced,117.68,48.09,2.57,10.857142857142858,3.5285714285714285,7,Low,Long,Medium,High Experience,2,3.5285714285714285,0.7142857142857143,117.68
CR00024,2025-06,24,2824.32,14.0,1318.016,117.68,166,19534.88,Big Data Analytics,Data Science,Paid,Advanced,117.68,48.09,2.57,10.857142857142858,3.5285714285714285,7,Low,Long,Medium,High Experience,2,3.5285714285714285,0.7142857142857143,117.68
CR00024,2025-07,16,1882.88,24.0,1569.0666666666668,117.68,166,19534.88,Big Data Analytics,Data Science,Paid,Advanced,117.68,48.09,2.57,10.857142857142858,3.5285714285714285,7,Low,Long,Medium,High Experience,2,3.5285714285714285,0.7142857142857143,117.68
CR00024,2025-08,8,941.44,16.0,1613.8971428571429,117.68,166,19534.88,Big Data Analytics,Data Science,Paid,Advanced,117.68,48.09,2.57,10.857142857142858,3.5285714285714285,7,Low,Long,Medium,High Experience,2,3.5285714285714285,0.7142857142857143,117.68
CR00024,2025-09,17,2000.5600000000002,8.0,1529.8400000000001,117.68,166,19534.88,Big Data Analytics,Data Science,Paid,Advanced,117.68,48.09,2.57,10.857142857142858,3.5285714285714285,7,Low,Long,Medium,High Experience,2,3.5285714285714285,0.7142857142857143,117.68
CR00024,2025-10,13,1529.8400000000001,17.0,1582.1422222222222,117.68,166,19534.88,Big Data Analytics,Data Science,Paid,Advanced,117.68,48.09,2.57,10.857142857142858,3.5285714285714285,7,Low,Long,Medium,High Experience,2,3.5285714285714285,0.7142857142857143,117.68
CR00024,2025-11,18,2118.2400000000002,13.0,1576.912,117.68,166,19534.88,Big Data Analytics,Data Science,Paid,Advanced,117.68,48.09,2.57,10.857142857142858,3.5285714285714285,7,Low,Long,Medium,High Experience,2,3.5285714285714285,0.7142857142857143,117.68
CR00024,2025-12,14,1647.52,18.0,1626.1236363636365,117.67999999999999,166,19534.88,Big Data Analytics,Data Science,Paid,Advanced,117.68,48.09,2.57,10.857142857142858,3.5285714285714285,7,Low,Long,Medium,High Experience,2,3.5285714285714285,0.7142857142857143,117.68
CR00025,2025-01,15,4493.55,,,299.57,192,57517.44,Statistical Analysis,Data Science,Paid,Beginner,299.57,48.32,3.74,10.857142857142858,3.5285714285714285,7,High,Long,Medium,High Experience,0,3.5285714285714285,0.7142857142857143,299.57
CR00025,2025-02,16,4793.12,15.0,4493.55,299.57,192,57517.44,Statistical Analysis,Data Science,Paid,Beginner,299.57,48.32,3.74,10.857142857142858,3.5285714285714285,7,High,Long,Medium,High Experience,0,3.5285714285714285,0.7142857142857143,299.57
CR00025,2025-03,19,5691.83,16.0,4643.335,299.57,192,57517.44,Statistical Analysis,Data Science,Paid,Beginner,299.57,48.32,3.74,10.857142857142858,3.5285714285714285,7,High,Long,Medium,High Experience,0,3.5285714285714285,0.7142857142857143,299.57
CR00025,2025-04,23,6890.11,19.0,4992.833333333333,299.57,192,57517.44,Statistical Analysis,Data Science,Paid,Beginner,299.57,48.32,3.74,10.857142857142858,3.5285714285714285,7,High,Long,Medium,High Experience,0,3.5285714285714285,0.7142857142857143,299.57
CR00025,2025-05,24,7189.68,23.0,5467.1525,299.57,192,57517.44,Statistical Analysis,Data Science,Paid,Beginner,299.57,48.32,3.74,10.857142857142858,3.5285714285714285,7,High,Long,Medium,High Experience,0,3.5285714285714285,0.7142857142857143,299.57
CR00025,2025-06,9,2696.13,24.0,5811.658,299.57,192,57517.44,Statistical Analysis,Data Science,Paid,Beginner,299.57,48.32,3.74,10.857142857142858,3.5285714285714285,7,High,Long,Medium,High Experience,0,3.5285714285714285,0.7142857142857143,299.57
CR00025,2025-07,10,2995.7,9.0,5292.403333333333,299.57,192,57517.44,Statistical Analysis,Data Science,Paid,Beginner,299.57,48.32,3.74,10.857142857142858,3.5285714285714285,7,High,Long,Medium,High Experience,0,3.5285714285714285,0.7142857142857143,299.57
CR00025,2025-08,15,4493.55,10.0,4964.302857142858,299.57,192,57517.44,Statistical Analysis,Data Science,Paid,Beginner,299.57,48.32,3.74,10.857142857142858,3.5285714285714285,7,High,Long,Medium,High Experience,0,3.5285714285714285,0.7142857142857143,299.57
CR00025,2025-09,20,5991.4,15.0,4905.45875,299.57,192,57517.44,Statistical Analysis,Data Science,Paid,Beginner,299.57,48.32,3.74,10.857142857142858,3.5285714285714285,7,High,Long,Medium,High Experience,0,3.5285714285714285,0.7142857142857143,299.57
CR00025,2025-10,12,3594.84,20.0,5026.118888888889,299.57,192,57517.44,Statistical Analysis,Data Science,Paid,Beginner,299.57,48.32,3.74,10.857142857142858,3.5285714285714285,7,High,Long,Medium,High Experience,0,3.5285714285714285,0.7142857142857143,299.57
CR00025,2025-11,13,3894.41,12.0,4882.991,299.57,192,57517.44,Statistical Analysis,Data Science,Paid,Beginner,299.57,48.32,3.74,10.857142857142858,3.5285714285714285,7,High,Long,Medium,High Experience,0,3.5285714285714285,0.7142857142857143,299.57
CR00025,2025-12,16,4793.12,13.0,4793.12,299.57,192,57517.44,Statistical Analysis,Data Science,Paid,Beginner,299.57,48.32,3.74,10.857142857142858,3.5285714285714285,7,High,Long,Medium,High Experience,0,3.5285714285714285,0.7142857142857143,299.57
CR00026,2025-01,14,0.0,,,0.0,172,0.0,Intro to Machine Learning,Machine Learning,Free,Intermediate,0.0,47.7,4.73,4.388888888888889,2.872777777777778,18,Free,Long,High,Low Experience,1,2.872777777777778,0.2777777777777778,0.0
CR00026,2025-02,16,0.0,14.0,0.0,0.0,172,0.0,Intro to Machine Learning,Machine Learning,Free,Intermediate,0.0,47.7,4.73,4.388888888888889,2.872777777777778,18,Free,Long,High,Low Experience,1,2.872777777777778,0.2777777777777778,0.0
CR00026,2025-03,11,0.0,16.0,0.0,0.0,172,0.0,Intro to Machine Learning,Machine Learning,Free,Intermediate,0.0,47.7,4.73,4.388888888888889,2.872777777777778,18,Free,Long,High,Low Experience,1,2.872777777777778,0.2777777777777778,0.0
CR00026,2025-04,14,0.0,11.0,0.0,0.0,172,0.0,Intro to Machine Learning,Machine Learning,Free,Intermediate,0.0,47.7,4.73,4.388888888888889,2.872777777777778,18,Free,Long,High,Low Experience,1,2.872777777777778,0.2777777777777778,0.0
CR00026,2025-05,16,0.0,14.0,0.0,0.0,172,0.0,Intro to Machine Learning,Machine Learning,Free,Intermediate,0.0,47.7,4.73,4.388888888888889,2.872777777777778,18,Free,Long,High,Low Experience,1,2.872777777777778,0.2777777777777778,0.0
CR00026,2025-06,15,0.0,16.0,0.0,0.0,172,0.0,Intro to Machine Learning,Machine Learning,Free,Intermediate,0.0,47.7,4.73,4.388888888888889,2.872777777777778,18,Free,Long,High,Low Experience,1,2.872777777777778,0.2777777777777778,0.0
CR00026,2025-07,15,0.0,15.0,0.0,0.0,172,0.0,Intro to Machine Learning,Machine Learning,Free,Intermediate,0.0,47.7,4.73,4.388888888888889,2.872777777777778,18,Free,Long,High,Low Experience,1,2.872777777777778,0.2777777777777778,0.0
CR00026,2025-08,18,0.0,15.0,0.0,0.0,172,0.0,Intro to Machine Learning,Machine Learning,Free,Intermediate,0.0,47.7,4.73,4.388888888888889,2.872777777777778,18,Free,Long,High,Low Experience,1,2.872777777777778,0.2777777777777778,0.0
CR00026,2025-09,20,0.0,18.0,0.0,0.0,172,0.0,Intro to Machine Learning,Machine Learning,Free,Intermediate,0.0,47.7,4.73,4.388888888888889,2.872777777777778,18,Free,Long,High,Low Experience,1,2.872777777777778,0.2777777777777778,0.0
CR00026,2025-10,12,0.0,20.0,0.0,0.0,172,0.0,Intro to Machine Learning,Machine Learning,Free,Intermediate,0.0,47.7,4.73,4.388888888888889,2.872777777777778,18,Free,Long,High,Low Experience,1,2.872777777777778,0.2777777777777778,0.0
CR00026,2025-11,11,0.0,12.0,0.0,0.0,172,0.0,Intro to Machine Learning,Machine Learning,Free,Intermediate,0.0,47.7,4.73,4.388888888888889,2.872777777777778,18,Free,Long,High,Low Experience,1,2.872777777777778,0.2777777777777778,0.0
CR00026,2025-12,10,0.0,11.0,0.0,0.0,172,0.0,Intro to Machine Learning,Machine Learning,Free,Intermediate,0.0,47.7,4.73,4.388888888888889,2.872777777777778,18,Free,Long,High,Low Experience,1,2.872777777777778,0.2777777777777778,0.0
CR00027,2025-01,13,0.0,,,0.0,152,0.0,Neural Networks,Machine Learning,Free,Advanced,0.0,9.3,1.81,4.705882352941177,2.643529411764706,17,Free,Short,Low,Low Experience,2,2.643529411764706,0.29411764705882354,0.0
CR00027,2025-02,12,0.0,13.0,0.0,0.0,152,0.0,Neural Networks,Machine Learning,Free,Advanced,0.0,9.3,1.81,4.705882352941177,2.643529411764706,17,Free,Short,Low,Low Experience,2,2.643529411764706,0.29411764705882354,0.0
CR00027,2025-03,8,0.0,12.0,0.0,0.0,152,0.0,Neural Networks,Machine Learning,Free,Advanced,0.0,9.3,1.81,4.705882352941177,2.643529411764706,17,Free,Short,Low,Low Experience,2,2.643529411764706,0.29411764705882354,0.0
CR00027,2025-04,10,0.0,8.0,0.0,0.0,152,0.0,Neural Networks,Machine Learning,Free,Advanced,0.0,9.3,1.81,4.705882352941177,2.643529411764706,17,Free,Short,Low,Low Experience,2,2.643529411764706,0.29411764705882354,0.0
CR00027,2025-05,16,0.0,10.0,0.0,0.0,152,0.0,Neural Networks,Machine Learning,Free,Advanced,0.0,9.3,1.81,4.705882352941177,2.643529411764706,17,Free,Short,Low,Low Experience,2,2.643529411764706,0.29411764705882354,0.0
CR00027,2025-06,13,0.0,16.0,0.0,0.0,152,0.0,Neural Networks,Machine Learning,Free,Advanced,0.0,9.3,1.81,4.705882352941177,2.643529411764706,17,Free,Short,Low,Low Experience,2,2.643529411764706,0.29411764705882354,0.0
CR00027,2025-07,14,0.0,13.0,0.0,0.0,152,0.0,Neural Networks,Machine Learning,Free,Advanced,0.0,9.3,1.81,4.705882352941177,2.643529411764706,17,Free,Short,Low,Low Experience,2,2.643529411764706,0.29411764705882354,0.0
CR00027,2025-08,18,0.0,14.0,0.0,0.0,152,0.0,Neural Networks,Machine Learning,Free,Advanced,0.0,9.3,1.81,4.705882352941177,2.643529411764706,17,Free,Short,Low,Low Experience,2,2.643529411764706,0.29411764705882354,0.0
CR00027,2025-09,10,0.0,18.0,0.0,0.0,152,0.0,Neural Networks,Machine Learning,Free,Advanced,0.0,9.3,1.81,4.705882352941177,2.643529411764706,17,Free,Short,Low,Low Experience,2,2.643529411764706,0.29411764705882354,0.0
CR00027,2025-10,10,0.0,10.0,0.0,0.0,152,0.0,Neural Networks,Machine Learning,Free,Advanced,0.0,9.3,1.81,4.705882352941177,2.643529411764706,17,Free,Short,Low,Low Experience,2,2.643529411764706,0.29411764705882354,0.0
CR00027,2025-11,18,0.0,10.0,0.0,0.0,152,0.0,Neural Networks,Machine Learning,Free,Advanced,0.0,9.3,1.81,4.705882352941177,2.643529411764706,17,Free,Short,Low,Low Experience,2,2.643529411764706,0.29411764705882354,0.0
CR00027,2025-12,10,0.0,18.0,0.0,0.0,152,0.0,Neural Networks,Machine Learning,Free,Advanced,0.0,9.3,1.81,4.705882352941177,2.643529411764706,17,Free,Short,Low,Low Experience,2,2.643529411764706,0.29411764705882354,0.0
CR00028,2025-01,17,13.26,,,0.78,171,133.38,Deep Learning,Machine Learning,Paid,Advanced,0.78,44.96,3.89,3.9523809523809526,2.6514285714285712,21,Low,Long,High,Low Experience,2,2.6514285714285712,0.23809523809523808,0.78
CR00028,2025-02,10,7.800000000000001,17.0,13.26,0.78,171,133.38,Deep Learning,Machine Learning,Paid,Advanced,0.78,44.96,3.89,3.9523809523809526,2.6514285714285712,21,Low,Long,High,Low Experience,2,2.6514285714285712,0.23809523809523808,0.78
CR00028,2025-03,20,15.600000000000001,10.0,10.530000000000001,0.78,171,133.38,Deep Learning,Machine Learning,Paid,Advanced,0.78,44.96,3.89,3.9523809523809526,2.6514285714285712,21,Low,Long,High,Low Experience,2,2.6514285714285712,0.23809523809523808,0.78
CR00028,2025-04,16,12.48,20.0,12.22,0.78,171,133.38,Deep Learning,Machine Learning,Paid,Advanced,0.78,44.96,3.89,3.9523809523809526,2.6514285714285712,21,Low,Long,High,Low Experience,2,2.6514285714285712,0.23809523809523808,0.78
CR00028,2025-05,15,11.700000000000001,16.0,12.285,0.78,171,133.38,Deep Learning,Machine Learning,Paid,Advanced,0.78,44.96,3.89,3.9523809523809526,2.6514285714285712,21,Low,Long,High,Low Experience,2,2.6514285714285712,0.23809523809523808,0.78
CR00028,2025-06,16,12.48,15.0,12.168000000000001,0.78,171,133.38,Deep Learning,Machine Learning,Paid,Advanced,0.78,44.96,3.89,3.9523809523809526,2.6514285714285712,21,Low,Long,High,Low Experience,2,2.6514285714285712,0.23809523809523808,0.78
CR00028,2025-07,16,12.48,16.0,12.22,0.78,171,133.38,Deep Learning,Machine Learning,Paid,Advanced,0.78,44.96,3.89,3.9523809523809526,2.6514285714285712,21,Low,Long,High,Low Experience,2,2.6514285714285712,0.23809523809523808,0.78
CR00028,2025-08,15,11.700000000000001,16.0,12.257142857142858,0.78,171,133.38,Deep Learning,Machine Learning,Paid,Advanced,0.78,44.96,3.89,3.9523809523809526,2.6514285714285712,21,Low,Long,High,Low Experience,2,2.6514285714285712,0.23809523809523808,0.78
CR00028,2025-09,16,12.48,15.0,12.1875,0.78,171,133.38,Deep Learning,Machine Learning,Paid,Advanced,0.78,44.96,3.89,3.9523809523809526,2.6514285714285712,21,Low,Long,High,Low Experience,2,2.6514285714285712,0.23809523809523808,0.78
CR00028,2025-10,10,7.800000000000001,16.0,12.22,0.78,171,133.38,Deep Learning,Machine Learning,Paid,Advanced,0.78,44.96,3.89,3.9523809523809526,2.6514285714285712,21,Low,Long,High,Low Experience,2,2.6514285714285712,0.23809523809523808,0.78
CR00028,2025-11,9,7.0200000000000005,10.0,11.778,0.78,171,133.38,Deep Learning,Machine Learning,Paid,Advanced,0.78,44.96,3.89,3.9523809523809526,2.6514285714285712,21,Low,Long,High,Low Experience,2,2.6514285714285712,0.23809523809523808,0.78
CR00028,2025-12,11,8.58,9.0,11.345454545454546,0.78,171,133.38,Deep Learning,Machine Learning,Paid,Advanced,0.78,44.96,3.89,3.9523809523809526,2.6514285714285712,21,Low,Long,High,Low Experience,2,2.6514285714285712,0.23809523809523808,0.78
CR00029,2025-01,14,0.0,,,0.0,155,0.0,Natural Language Processing,Machine Learning,Free,Beginner,0.0,16.33,1.13,4.15,2.644,20,Free,Short,Low,Low Experience,0,2.644,0.25,0.0
CR00029,2025-02,9,0.0,14.0,0.0,0.0,155,0.0,Natural Language Processing,Machine Learning,Free,Beginner,0.0,16.33,1.13,4.15,2.644,20,Free,Short,Low,Low Experience,0,2.644,0.25,0.0
CR00029,2025-03,11,0.0,9.0,0.0,0.0,155,0.0,Natural Language Processing,Machine Learning,Free,Beginner,0.0,16.33,1.13,4.15,2.644,20,Free,Short,Low,Low Experience,0,2.644,0.25,0.0
CR00029,2025-04,15,0.0,11.0,0.0,0.0,155,0.0,Natural Language Processing,Machine Learning,Free,Beginner,0.0,16.33,1.13,4.15,2.644,20,Free,Short,Low,Low Experience,0,2.644,0.25,0.0
CR00029,2025-05,15,0.0,15.0,0.0,0.0,155,0.0,Natural Language Processing,Machine Learning,Free,Beginner,0.0,16.33,1.13,4.15,2.644,20,Free,Short,Low,Low Experience,0,2.644,0.25,0.0
CR00029,2025-06,16,0.0,15.0,0.0,0.0,155,0.0,Natural Language Processing,Machine Learning,Free,Beginner,0.0,16.33,1.13,4.15,2.644,20,Free,Short,Low,Low Experience,0,2.644,0.25,0.0
CR00029,2025-07,9,0.0,16.0,0.0,0.0,155,0.0,Natural Language Processing,Machine Learning,Free,Beginner,0.0,16.33,1.13,4.15,2.644,20,Free,Short,Low,Low Experience,0,2.644,0.25,0.0
CR00029,2025-08,13,0.0,9.0,0.0,0.0,155,0.0,Natural Language Processing,Machine Learning,Free,Beginner,0.0,16.33,1.13,4.15,2.644,20,Free,Short,Low,Low Experience,0,2.644,0.25,0.0
CR00029,2025-09,21,0.0,13.0,0.0,0.0,155,0.0,Natural Language Processing,Machine Learning,Free,Beginner,0.0,16.33,1.13,4.15,2.644,20,Free,Short,Low,Low Experience,0,2.644,0.25,0.0
CR00029,2025-10,14,0.0,21.0,0.0,0.0,155,0.0,Natural Language Processing,Machine Learning,Free,Beginner,0.0,16.33,1.13,4.15,2.644,20,Free,Short,Low,Low Experience,0,2.644,0.25,0.0
CR00029,2025-11,8,0.0,14.0,0.0,0.0,155,0.0,Natural Language Processing,Machine Learning,Free,Beginner,0.0,16.33,1.13,4.15,2.644,20,Free,Short,Low,Low Experience,0,2.644,0.25,0.0
CR00029,2025-12,10,0.0,8.0,0.0,0.0,155,0.0,Natural Language Processing,Machine Learning,Free,Beginner,0.0,16.33,1.13,4.15,2.644,20,Free,Short,Low,Low Experience,0,2.644,0.25,0.0
CR00030,2025-01,12,0.0,,,0.0,169,0.0,Reinforcement Learning,Machine Learning,Free,Intermediate,0.0,38.49,1.73,4.142857142857143,2.6404761904761904,21,Free,Medium,Low,Low Experience,1,2.6404761904761904,0.23809523809523808,0.0
CR00030,2025-02,9,0.0,12.0,0.0,0.0,169,0.0,Reinforcement Learning,Machine Learning,Free,Intermediate,0.0,38.49,1.73,4.142857142857143,2.6404761904761904,21,Free,Medium,Low,Low Experience,1,2.6404761904761904,0.23809523809523808,0.0
CR00030,2025-03,12,0.0,9.0,0.0,0.0,169,0.0,Reinforcement Learning,Machine Learning,Free,Intermediate,0.0,38.49,1.73,4.142857142857143,2.6404761904761904,21,Free,Medium,Low,Low Experience,1,2.6404761904761904,0.23809523809523808,0.0
CR00030,2025-04,13,0.0,12.0,0.0,0.0,169,0.0,Reinforcement Learning,Machine Learning,Free,Intermediate,0.0,38.49,1.73,4.142857142857143,2.6404761904761904,21,Free,Medium,Low,Low Experience,1,2.6404761904761904,0.23809523809523808,0.0
CR00030,2025-05,12,0.0,13.0,0.0,0.0,169,0.0,Reinforcement Learning,Machine Learning,Free,Intermediate,0.0,38.49,1.73,4.142857142857143,2.6404761904761904,21,Free,Medium,Low,Low Experience,1,2.6404761904761904,0.23809523809523808,0.0
CR00030,2025-06,15,0.0,12.0,0.0,0.0,169,0.0,Reinforcement Learning,Machine Learning,Free,Intermediate,0.0,38.49,1.73,4.142857142857143,2.6404761904761904,21,Free,Medium,Low,Low Experience,1,2.6404761904761904,0.23809523809523808,0.0
CR00030,2025-07,10,0.0,15.0,0.0,0.0,169,0.0,Reinforcement Learning,Machine Learning,Free,Intermediate,0.0,38.49,1.73,4.142857142857143,2.6404761904761904,21,Free,Medium,Low,Low Experience,1,2.6404761904761904,0.23809523809523808,0.0
CR00030,2025-08,16,0.0,10.0,0.0,0.0,169,0.0,Reinforcement Learning,Machine Learning,Free,Intermediate,0.0,38.49,1.73,4.142857142857143,2.6404761904761904,21,Free,Medium,Low,Low Experience,1,2.6404761904761904,0.23809523809523808,0.0
CR00030,2025-09,20,0.0,16.0,0.0,0.0,169,0.0,Reinforcement Learning,Machine Learning,Free,Intermediate,0.0,38.49,1.73,4.142857142857143,2.6404761904761904,21,Free,Medium,Low,Low Experience,1,2.6404761904761904,0.23809523809523808,0.0
CR00030,2025-10,12,0.0,20.0,0.0,0.0,169,0.0,Reinforcement Learning,Machine Learning,Free,Intermediate,0.0,38.49,1.73,4.142857142857143,2.6404761904761904,21,Free,Medium,Low,Low Experience,1,2.6404761904761904,0.23809523809523808,0.0
CR00030,2025-11,14,0.0,12.0,0.0,0.0,169,0.0,Reinforcement Learning,Machine Learning,Free,Intermediate,0.0,38.49,1.73,4.142857142857143,2.6404761904761904,21,Free,Medium,Low,Low Experience,1,2.6404761904761904,0.23809523809523808,0.0
CR00030,2025-12,24,0.0,14.0,0.0,0.0,169,0.0,Reinforcement Learning,Machine Learning,Free,Intermediate,0.0,38.49,1.73,4.142857142857143,2.6404761904761904,21,Free,Medium,Low,Low Experience,1,2.6404761904761904,0.23809523809523808,0.0
CR00031,2025-01,10,0.0,,,0.0,160,0.0,Network Security,Cybersecurity,Free,Intermediate,0.0,26.52,1.91,8.0,3.468888888888889,9,Free,Medium,Low,Medium Experience,1,3.468888888888889,1.0,0.0
CR00031,2025-02,12,0.0,10.0,0.0,0.0,160,0.0,Network Security,Cybersecurity,Free,Intermediate,0.0,26.52,1.91,8.0,3.468888888888889,9,Free,Medium,Low,Medium Experience,1,3.468888888888889,1.0,0.0
CR00031,2025-03,9,0.0,12.0,0.0,0.0,160,0.0,Network Security,Cybersecurity,Free,Intermediate,0.0,26.52,1.91,8.0,3.468888888888889,9,Free,Medium,Low,Medium Experience,1,3.468888888888889,1.0,0.0
CR00031,2025-04,10,0.0,9.0,0.0,0.0,160,0.0,Network Security,Cybersecurity,Free,Intermediate,0.0,26.52,1.91,8.0,3.468888888888889,9,Free,Medium,Low,Medium Experience,1,3.468888888888889,1.0,0.0
CR00031,2025-05,13,0.0,10.0,0.0,0.0,160,0.0,Network Security,Cybersecurity,Free,Intermediate,0.0,26.52,1.91,8.0,3.468888888888889,9,Free,Medium,Low,Medium Experience,1,3.468888888888889,1.0,0.0
CR00031,2025-06,17,0.0,13.0,0.0,0.0,160,0.0,Network Security,Cybersecurity,Free,Intermediate,0.0,26.52,1.91,8.0,3.468888888888889,9,Free,Medium,Low,Medium Experience,1,3.468888888888889,1.0,0.0
CR00031,2025-07,18,0.0,17.0,0.0,0.0,160,0.0,Network Security,Cybersecurity,Free,Intermediate,0.0,26.52,1.91,8.0,3.468888888888889,9,Free,Medium,Low,Medium Experience,1,3.468888888888889,1.0,0.0
CR00031,2025-08,14,0.0,18.0,0.0,0.0,160,0.0,Network Security,Cybersecurity,Free,Intermediate,0.0,26.52,1.91,8.0,3.468888888888889,9,Free,Medium,Low,Medium Experience,1,3.468888888888889,1.0,0.0
CR00031,2025-09,15,0.0,14.0,0.0,0.0,160,0.0,Network Security,Cybersecurity,Free,Intermediate,0.0,26.52,1.91,8.0,3.468888888888889,9,Free,Medium,Low,Medium Experience,1,3.468888888888889,1.0,0.0
CR00031,2025-10,17,0.0,15.0,0.0,0.0,160,0.0,Network Security,Cybersecurity,Free,Intermediate,0.0,26.52,1.91,8.0,3.468888888888889,9,Free,Medium,Low,Medium Experience,1,3.468888888888889,1.0,0.0
CR00031,2025-11,13,0.0,17.0,0.0,0.0,160,0.0,Network Security,Cybersecurity,Free,Intermediate,0.0,26.52,1.91,8.0,3.468888888888889,9,Free,Medium,Low,Medium Experience,1,3.468888888888889,1.0,0.0
CR00031,2025-12,12,0.0,13.0,0.0,0.0,160,0.0,Network Security,Cybersecurity,Free,Intermediate,0.0,26.52,1.91,8.0,3.468888888888889,9,Free,Medium,Low,Medium Experience,1,3.468888888888889,1.0,0.0
CR00032,2025-01,12,0.0,,,0.0,163,0.0,Ethical Hacking,Cybersecurity,Free,Advanced,0.0,16.74,2.38,8.0,3.468888888888889,9,Free,Medium,Low,Medium Experience,2,3.468888888888889,1.0,0.0
CR00032,2025-02,10,0.0,12.0,0.0,0.0,163,0.0,Ethical Hacking,Cybersecurity,Free,Advanced,0.0,16.74,2.38,8.0,3.468888888888889,9,Free,Medium,Low,Medium Experience,2,3.468888888888889,1.0,0.0
CR00032,2025-03,13,0.0,10.0,0.0,0.0,163,0.0,Ethical Hacking,Cybersecurity,Free,Advanced,0.0,16.74,2.38,8.0,3.468888888888889,9,Free,Medium,Low,Medium Experience,2,3.468888888888889,1.0,0.0
CR00032,2025-04,19,0.0,13.0,0.0,0.0,163,0.0,Ethical Hacking,Cybersecurity,Free,Advanced,0.0,16.74,2.38,8.0,3.468888888888889,9,Free,Medium,Low,Medium Experience,2,3.468888888888889,1.0,0.0
CR00032,2025-05,11,0.0,19.0,0.0,0.0,163,0.0,Ethical Hacking,Cybersecurity,Free,Advanced,0.0,16.74,2.38,8.0,3.468888888888889,9,Free,Medium,Low,Medium Experience,2,3.468888888888889,1.0,0.0
CR00032,2025-06,15,0.0,11.0,0.0,0.0,163,0.0,Ethical Hacking,Cybersecurity,Free,Advanced,0.0,16.74,2.38,8.0,3.468888888888889,9,Free,Medium,Low,Medium Experience,2,3.468888888888889,1.0,0.0
CR00032,2025-07,15,0.0,15.0,0.0,0.0,163,0.0,Ethical Hacking,Cybersecurity,Free,Advanced,0.0,16.74,2.38,8.0,3.468888888888889,9,Free,Medium,Low,Medium Experience,2,3.468888888888889,1.0,0.0
CR00032,2025-08,15,0.0,15.0,0.0,0.0,163,0.0,Ethical Hacking,Cybersecurity,Free,Advanced,0.0,16.74,2.38,8.0,3.468888888888889,9,Free,Medium,Low,Medium Experience,2,3.468888888888889,1.0,0.0
CR00032,2025-09,10,0.0,15.0,0.0,0.0,163,0.0,Ethical Hacking,Cybersecurity,Free,Advanced,0.0,16.74,2.38,8.0,3.468888888888889,9,Free,Medium,Low,Medium Experience,2,3.468888888888889,1.0,0.0
CR00032,2025-10,16,0.0,10.0,0.0,0.0,163,0.0,Ethical Hacking,Cybersecurity,Free,Advanced,0.0,16.74,2.38,8.0,3.468888888888889,9,Free,Medium,Low,Medium Experience,2,3.468888888888889,1.0,0.0
CR00032,2025-11,12,0.0,16.0,0.0,0.0,163,0.0,Ethical Hacking,Cybersecurity,Free,Advanced,0.0,16.74,2.38,8.0,3.468888888888889,9,Free,Medium,Low,Medium Experience,2,3.468888888888889,1.0,0.0
CR00032,2025-12,15,0.0,12.0,0.0,0.0,163,0.0,Ethical Hacking,Cybersecurity,Free,Advanced,0.0,16.74,2.38,8.0,3.468888888888889,9,Free,Medium,Low,Medium Experience,2,3.468888888888889,1.0,0.0
CR00033,2025-01,12,0.0,,,0.0,167,0.0,Cybersecurity Fundamentals,Cybersecurity,Free,Intermediate,0.0,48.25,3.93,8.0,3.468888888888889,9,Free,Long,High,Medium Experience,1,3.468888888888889,1.0,0.0
CR00033,2025-02,17,0.0,12.0,0.0,0.0,167,0.0,Cybersecurity Fundamentals,Cybersecurity,Free,Intermediate,0.0,48.25,3.93,8.0,3.468888888888889,9,Free,Long,High,Medium Experience,1,3.468888888888889,1.0,0.0
CR00033,2025-03,12,0.0,17.0,0.0,0.0,167,0.0,Cybersecurity Fundamentals,Cybersecurity,Free,Intermediate,0.0,48.25,3.93,8.0,3.468888888888889,9,Free,Long,High,Medium Experience,1,3.468888888888889,1.0,0.0
CR00033,2025-04,17,0.0,12.0,0.0,0.0,167,0.0,Cybersecurity Fundamentals,Cybersecurity,Free,Intermediate,0.0,48.25,3.93,8.0,3.468888888888889,9,Free,Long,High,Medium Experience,1,3.468888888888889,1.0,0.0
CR00033,2025-05,17,0.0,17.0,0.0,0.0,167,0.0,Cybersecurity Fundamentals,Cybersecurity,Free,Intermediate,0.0,48.25,3.93,8.0,3.468888888888889,9,Free,Long,High,Medium Experience,1,3.468888888888889,1.0,0.0
CR00033,2025-06,16,0.0,17.0,0.0,0.0,167,0.0,Cybersecurity Fundamentals,Cybersecurity,Free,Intermediate,0.0,48.25,3.93,8.0,3.468888888888889,9,Free,Long,High,Medium Experience,1,3.468888888888889,1.0,0.0
CR00033,2025-07,14,0.0,16.0,0.0,0.0,167,0.0,Cybersecurity Fundamentals,Cybersecurity,Free,Intermediate,0.0,48.25,3.93,8.0,3.468888888888889,9,Free,Long,High,Medium Experience,1,3.468888888888889,1.0,0.0
CR00033,2025-08,17,0.0,14.0,0.0,0.0,167,0.0,Cybersecurity Fundamentals,Cybersecurity,Free,Intermediate,0.0,48.25,3.93,8.0,3.468888888888889,9,Free,Long,High,Medium Experience,1,3.468888888888889,1.0,0.0
CR00033,2025-09,13,0.0,17.0,0.0,0.0,167,0.0,Cybersecurity Fundamentals,Cybersecurity,Free,Intermediate,0.0,48.25,3.93,8.0,3.468888888888889,9,Free,Long,High,Medium Experience,1,3.468888888888889,1.0,0.0
CR00033,2025-10,7,0.0,13.0,0.0,0.0,167,0.0,Cybersecurity Fundamentals,Cybersecurity,Free,Intermediate,0.0,48.25,3.93,8.0,3.468888888888889,9,Free,Long,High,Medium Experience,1,3.468888888888889,1.0,0.0
CR00033,2025-11,14,0.0,7.0,0.0,0.0,167,0.0,Cybersecurity Fundamentals,Cybersecurity,Free,Intermediate,0.0,48.25,3.93,8.0,3.468888888888889,9,Free,Long,High,Medium Experience,1,3.468888888888889,1.0,0.0
CR00033,2025-12,11,0.0,14.0,0.0,0.0,167,0.0,Cybersecurity Fundamentals,Cybersecurity,Free,Intermediate,0.0,48.25,3.93,8.0,3.468888888888889,9,Free,Long,High,Medium Experience,1,3.468888888888889,1.0,0.0
CR00034,2025-01,12,4731.12,,,394.26,150,59139.0,Data Encryption,Cybersecurity,Paid,Intermediate,394.26,47.44,1.35,8.0,3.468888888888889,9,High,Long,Low,Medium Experience,1,3.468888888888889,1.0,394.26
CR00034,2025-02,10,3942.6,12.0,4731.12,394.26,150,59139.0,Data Encryption,Cybersecurity,Paid,Intermediate,394.26,47.44,1.35,8.0,3.468888888888889,9,High,Long,Low,Medium Experience,1,3.468888888888889,1.0,394.26
CR00034,2025-03,9,3548.34,10.0,4336.86,394.26,150,59139.0,Data Encryption,Cybersecurity,Paid,Intermediate,394.26,47.44,1.35,8.0,3.468888888888889,9,High,Long,Low,Medium Experience,1,3.468888888888889,1.0,394.26
CR00034,2025-04,13,5125.38,9.0,4074.02,394.26,150,59139.0,Data Encryption,Cybersecurity,Paid,Intermediate,394.26,47.44,1.35,8.0,3.468888888888889,9,High,Long,Low,Medium Experience,1,3.468888888888889,1.0,394.26
CR00034,2025-05,10,3942.6,13.0,4336.860000000001,394.26,150,59139.0,Data Encryption,Cybersecurity,Paid,Intermediate,394.26,47.44,1.35,8.0,3.468888888888889,9,High,Long,Low,Medium Experience,1,3.468888888888889,1.0,394.26
CR00034,2025-06,15,5913.9,10.0,4258.008,394.26,150,59139.0,Data Encryption,Cybersecurity,Paid,Intermediate,394.26,47.44,1.35,8.0,3.468888888888889,9,High,Long,Low,Medium Experience,1,3.468888888888889,1.0,394.26
CR00034,2025-07,9,3548.34,15.0,4533.990000000001,394.26,150,59139.0,Data Encryption,Cybersecurity,Paid,Intermediate,394.26,47.44,1.35,8.0,3.468888888888889,9,High,Long,Low,Medium Experience,1,3.468888888888889,1.0,394.26
CR00034,2025-08,16,6308.16,9.0,4393.182857142857,394.26,150,59139.0,Data Encryption,Cybersecurity,Paid,Intermediate,394.26,47.44,1.35,8.0,3.468888888888889,9,High,Long,Low,Medium Experience,1,3.468888888888889,1.0,394.26
CR00034,2025-09,15,5913.9,16.0,4632.555,394.26,150,59139.0,Data Encryption,Cybersecurity,Paid,Intermediate,394.26,47.44,1.35,8.0,3.468888888888889,9,High,Long,Low,Medium Experience,1,3.468888888888889,1.0,394.26
CR00034,2025-10,5,1971.3,15.0,4774.926666666666,394.26,150,59139.0,Data Encryption,Cybersecurity,Paid,Intermediate,394.26,47.44,1.35,8.0,3.468888888888889,9,High,Long,Low,Medium Experience,1,3.468888888888889,1.0,394.26
CR00034,2025-11,21,8279.46,5.0,4494.564,394.25999999999993,150,59139.0,Data Encryption,Cybersecurity,Paid,Intermediate,394.26,47.44,1.35,8.0,3.468888888888889,9,High,Long,Low,Medium Experience,1,3.468888888888889,1.0,394.26
CR00034,2025-12,15,5913.9,21.0,4838.645454545454,394.26,150,59139.0,Data Encryption,Cybersecurity,Paid,Intermediate,394.26,47.44,1.35,8.0,3.468888888888889,9,High,Long,Low,Medium Experience,1,3.468888888888889,1.0,394.26
CR00035,2025-01,13,0.0,,,0.0,179,0.0,Cyber Threat Intelligence,Cybersecurity,Free,Beginner,0.0,42.59,4.94,8.0,3.468888888888889,9,Free,Long,High,Medium Experience,0,3.468888888888889,1.0,0.0
CR00035,2025-02,12,0.0,13.0,0.0,0.0,179,0.0,Cyber Threat Intelligence,Cybersecurity,Free,Beginner,0.0,42.59,4.94,8.0,3.468888888888889,9,Free,Long,High,Medium Experience,0,3.468888888888889,1.0,0.0
CR00035,2025-03,19,0.0,12.0,0.0,0.0,179,0.0,Cyber Threat Intelligence,Cybersecurity,Free,Beginner,0.0,42.59,4.94,8.0,3.468888888888889,9,Free,Long,High,Medium Experience,0,3.468888888888889,1.0,0.0
CR00035,2025-04,10,0.0,19.0,0.0,0.0,179,0.0,Cyber Threat Intelligence,Cybersecurity,Free,Beginner,0.0,42.59,4.94,8.0,3.468888888888889,9,Free,Long,High,Medium Experience,0,3.468888888888889,1.0,0.0
CR00035,2025-05,16,0.0,10.0,0.0,0.0,179,0.0,Cyber Threat Intelligence,Cybersecurity,Free,Beginner,0.0,42.59,4.94,8.0,3.468888888888889,9,Free,Long,High,Medium Experience,0,3.468888888888889,1.0,0.0
CR00035,2025-06,12,0.0,16.0,0.0,0.0,179,0.0,Cyber Threat Intelligence,Cybersecurity,Free,Beginner,0.0,42.59,4.94,8.0,3.468888888888889,9,Free,Long,High,Medium Experience,0,3.468888888888889,1.0,0.0
CR00035,2025-07,16,0.0,12.0,0.0,0.0,179,0.0,Cyber Threat Intelligence,Cybersecurity,Free,Beginner,0.0,42.59,4.94,8.0,3.468888888888889,9,Free,Long,High,Medium Experience,0,3.468888888888889,1.0,0.0
CR00035,2025-08,18,0.0,16.0,0.0,0.0,179,0.0,Cyber Threat Intelligence,Cybersecurity,Free,Beginner,0.0,42.59,4.94,8.0,3.468888888888889,9,Free,Long,High,Medium Experience,0,3.468888888888889,1.0,0.0
CR00035,2025-09,20,0.0,18.0,0.0,0.0,179,0.0,Cyber Threat Intelligence,Cybersecurity,Free,Beginner,0.0,42.59,4.94,8.0,3.468888888888889,9,Free,Long,High,Medium Experience,0,3.468888888888889,1.0,0.0
CR00035,2025-10,15,0.0,20.0,0.0,0.0,179,0.0,Cyber Threat Intelligence,Cybersecurity,Free,Beginner,0.0,42.59,4.94,8.0,3.468888888888889,9,Free,Long,High,Medium Experience,0,3.468888888888889,1.0,0.0
CR00035,2025-11,14,0.0,15.0,0.0,0.0,179,0.0,Cyber Threat Intelligence,Cybersecurity,Free,Beginner,0.0,42.59,4.94,8.0,3.468888888888889,9,Free,Long,High,Medium Experience,0,3.468888888888889,1.0,0.0
CR00035,2025-12,14,0.0,14.0,0.0,0.0,179,0.0,Cyber Threat Intelligence,Cybersecurity,Free,Beginner,0.0,42.59,4.94,8.0,3.468888888888889,9,Free,Long,High,Medium Experience,0,3.468888888888889,1.0,0.0
CR00036,2025-01,15,0.0,,,0.0,177,0.0,Agile Project Management,Project Management,Free,Beginner,0.0,15.75,4.68,10.857142857142858,3.2671428571428573,7,Free,Short,High,High Experience,0,3.2671428571428573,0.7142857142857143,0.0
CR00036,2025-02,16,0.0,15.0,0.0,0.0,177,0.0,Agile Project Management,Project Management,Free,Beginner,0.0,15.75,4.68,10.857142857142858,3.2671428571428573,7,Free,Short,High,High Experience,0,3.2671428571428573,0.7142857142857143,0.0
CR00036,2025-03,16,0.0,16.0,0.0,0.0,177,0.0,Agile Project Management,Project Management,Free,Beginner,0.0,15.75,4.68,10.857142857142858,3.2671428571428573,7,Free,Short,High,High Experience,0,3.2671428571428573,0.7142857142857143,0.0
CR00036,2025-04,15,0.0,16.0,0.0,0.0,177,0.0,Agile Project Management,Project Management,Free,Beginner,0.0,15.75,4.68,10.857142857142858,3.2671428571428573,7,Free,Short,High,High Experience,0,3.2671428571428573,0.7142857142857143,0.0
CR00036,2025-05,19,0.0,15.0,0.0,0.0,177,0.0,Agile Project Management,Project Management,Free,Beginner,0.0,15.75,4.68,10.857142857142858,3.2671428571428573,7,Free,Short,High,High Experience,0,3.2671428571428573,0.7142857142857143,0.0
CR00036,2025-06,8,0.0,19.0,0.0,0.0,177,0.0,Agile Project Management,Project Management,Free,Beginner,0.0,15.75,4.68,10.857142857142858,3.2671428571428573,7,Free,Short,High,High Experience,0,3.2671428571428573,0.7142857142857143,0.0
CR00036,2025-07,13,0.0,8.0,0.0,0.0,177,0.0,Agile Project Management,Project Management,Free,Beginner,0.0,15.75,4.68,10.857142857142858,3.2671428571428573,7,Free,Short,High,High Experience,0,3.2671428571428573,0.7142857142857143,0.0
CR00036,2025-08,16,0.0,13.0,0.0,0.0,177,0.0,Agile Project Management,Project Management,Free,Beginner,0.0,15.75,4.68,10.857142857142858,3.2671428571428573,7,Free,Short,High,High Experience,0,3.2671428571428573,0.7142857142857143,0.0
CR00036,2025-09,12,0.0,16.0,0.0,0.0,177,0.0,Agile Project Management,Project Management,Free,Beginner,0.0,15.75,4.68,10.857142857142858,3.2671428571428573,7,Free,Short,High,High Experience,0,3.2671428571428573,0.7142857142857143,0.0
CR00036,2025-10,15,0.0,12.0,0.0,0.0,177,0.0,Agile Project Management,Project Management,Free,Beginner,0.0,15.75,4.68,10.857142857142858,3.2671428571428573,7,Free,Short,High,High Experience,0,3.2671428571428573,0.7142857142857143,0.0
CR00036,2025-11,16,0.0,15.0,0.0,0.0,177,0.0,Agile Project Management,Project Management,Free,Beginner,0.0,15.75,4.68,10.857142857142858,3.2671428571428573,7,Free,Short,High,High Experience,0,3.2671428571428573,0.7142857142857143,0.0
CR00036,2025-12,16,0.0,16.0,0.0,0.0,177,0.0,Agile Project Management,Project Management,Free,Beginner,0.0,15.75,4.68,10.857142857142858,3.2671428571428573,7,Free,Short,High,High Experience,0,3.2671428571428573,0.7142857142857143,0.0
CR00037,2025-01,15,0.0,,,0.0,153,0.0,Scrum Essentials,Project Management,Free,Intermediate,0.0,33.93,3.45,10.857142857142858,3.2671428571428573,7,Free,Medium,Medium,High Experience,1,3.2671428571428573,0.7142857142857143,0.0
CR00037,2025-02,19,0.0,15.0,0.0,0.0,153,0.0,Scrum Essentials,Project Management,Free,Intermediate,0.0,33.93,3.45,10.857142857142858,3.2671428571428573,7,Free,Medium,Medium,High Experience,1,3.2671428571428573,0.7142857142857143,0.0
CR00037,2025-03,9,0.0,19.0,0.0,0.0,153,0.0,Scrum Essentials,Project Management,Free,Intermediate,0.0,33.93,3.45,10.857142857142858,3.2671428571428573,7,Free,Medium,Medium,High Experience,1,3.2671428571428573,0.7142857142857143,0.0
CR00037,2025-04,15,0.0,9.0,0.0,0.0,153,0.0,Scrum Essentials,Project Management,Free,Intermediate,0.0,33.93,3.45,10.857142857142858,3.2671428571428573,7,Free,Medium,Medium,High Experience,1,3.2671428571428573,0.7142857142857143,0.0
CR00037,2025-05,13,0.0,15.0,0.0,0.0,153,0.0,Scrum Essentials,Project Management,Free,Intermediate,0.0,33.93,3.45,10.857142857142858,3.2671428571428573,7,Free,Medium,Medium,High Experience,1,3.2671428571428573,0.7142857142857143,0.0
CR00037,2025-06,15,0.0,13.0,0.0,0.0,153,0.0,Scrum Essentials,Project Management,Free,Intermediate,0.0,33.93,3.45,10.857142857142858,3.2671428571428573,7,Free,Medium,Medium,High Experience,1,3.2671428571428573,0.7142857142857143,0.0
CR00037,2025-07,13,0.0,15.0,0.0,0.0,153,0.0,Scrum Essentials,Project Management,Free,Intermediate,0.0,33.93,3.45,10.857142857142858,3.2671428571428573,7,Free,Medium,Medium,High Experience,1,3.2671428571428573,0.7142857142857143,0.0
CR00037,2025-08,12,0.0,13.0,0.0,0.0,153,0.0,Scrum Essentials,Project Management,Free,Intermediate,0.0,33.93,3.45,10.857142857142858,3.2671428571428573,7,Free,Medium,Medium,High Experience,1,3.2671428571428573,0.7142857142857143,0.0
CR00037,2025-09,12,0.0,12.0,0.0,0.0,153,0.0,Scrum Essentials,Project Management,Free,Intermediate,0.0,33.93,3.45,10.857142857142858,3.2671428571428573,7,Free,Medium,Medium,High Experience,1,3.2671428571428573,0.7142857142857143,0.0
CR00037,2025-10,11,0.0,12.0,0.0,0.0,153,0.0,Scrum Essentials,Project Management,Free,Intermediate,0.0,33.93,3.45,10.857142857142858,3.2671428571428573,7,Free,Medium,Medium,High Experience,1,3.2671428571428573,0.7142857142857143,0.0
CR00037,2025-11,12,0.0,11.0,0.0,0.0,153,0.0,Scrum Essentials,Project Management,Free,Intermediate,0.0,33.93,3.45,10.857142857142858,3.2671428571428573,7,Free,Medium,Medium,High Experience,1,3.2671428571428573,0.7142857142857143,0.0
CR00037,2025-12,7,0.0,12.0,0.0,0.0,153,0.0,Scrum Essentials,Project Management,Free,Intermediate,0.0,33.93,3.45,10.857142857142858,3.2671428571428573,7,Free,Medium,Medium,High Experience,1,3.2671428571428573,0.7142857142857143,0.0
CR00038,2025-01,15,5139.150000000001,,,342.61,158,54132.380000000005,Risk Management,Project Management,Paid,Intermediate,342.61,17.14,4.84,10.857142857142858,3.2671428571428573,7,High,Medium,High,High Experience,1,3.2671428571428573,0.7142857142857143,342.61
CR00038,2025-02,7,2398.27,15.0,5139.150000000001,342.61,158,54132.380000000005,Risk Management,Project Management,Paid,Intermediate,342.61,17.14,4.84,10.857142857142858,3.2671428571428573,7,High,Medium,High,High Experience,1,3.2671428571428573,0.7142857142857143,342.61
CR00038,2025-03,12,4111.32,7.0,3768.71,342.60999999999996,158,54132.380000000005,Risk Management,Project Management,Paid,Intermediate,342.61,17.14,4.84,10.857142857142858,3.2671428571428573,7,High,Medium,High,High Experience,1,3.2671428571428573,0.7142857142857143,342.61
CR00038,2025-04,19,6509.59,12.0,3882.9133333333334,342.61,158,54132.380000000005,Risk Management,Project Management,Paid,Intermediate,342.61,17.14,4.84,10.857142857142858,3.2671428571428573,7,High,Medium,High,High Experience,1,3.2671428571428573,0.7142857142857143,342.61
CR00038,2025-05,13,4453.93,19.0,4539.5825,342.61,158,54132.380000000005,Risk Management,Project Management,Paid,Intermediate,342.61,17.14,4.84,10.857142857142858,3.2671428571428573,7,High,Medium,High,High Experience,1,3.2671428571428573,0.7142857142857143,342.61
CR00038,2025-06,18,6166.9800000000005,13.0,4522.452,342.61,158,54132.380000000005,Risk Management,Project Management,Paid,Intermediate,342.61,17.14,4.84,10.857142857142858,3.2671428571428573,7,High,Medium,High,High Experience,1,3.2671428571428573,0.7142857142857143,342.61
CR00038,2025-07,8,2740.88,18.0,4796.54,342.61,158,54132.380000000005,Risk Management,Project Management,Paid,Intermediate,342.61,17.14,4.84,10.857142857142858,3.2671428571428573,7,High,Medium,High,High Experience,1,3.2671428571428573,0.7142857142857143,342.61
CR00038,2025-08,10,3426.1000000000004,8.0,4502.874285714286,342.61,158,54132.380000000005,Risk Management,Project Management,Paid,Intermediate,342.61,17.14,4.84,10.857142857142858,3.2671428571428573,7,High,Medium,High,High Experience,1,3.2671428571428573,0.7142857142857143,342.61
CR00038,2025-09,16,5481.76,10.0,4368.2775,342.61,158,54132.380000000005,Risk Management,Project Management,Paid,Intermediate,342.61,17.14,4.84,10.857142857142858,3.2671428571428573,7,High,Medium,High,High Experience,1,3.2671428571428573,0.7142857142857143,342.61
CR00038,2025-10,8,2740.88,16.0,4491.9977777777785,342.61,158,54132.380000000005,Risk Management,Project Management,Paid,Intermediate,342.61,17.14,4.84,10.857142857142858,3.2671428571428573,7,High,Medium,High,High Experience,1,3.2671428571428573,0.7142857142857143,342.61
CR00038,2025-11,17,5824.37,8.0,4316.886,342.61,158,54132.380000000005,Risk Management,Project Management,Paid,Intermediate,342.61,17.14,4.84,10.857142857142858,3.2671428571428573,7,High,Medium,High,High Experience,1,3.2671428571428573,0.7142857142857143,342.61
CR00038,2025-12,15,5139.150000000001,17.0,4453.93,342.61,158,54132.380000000005,Risk Management,Project Management,Paid,Intermediate,342.61,17.14,4.84,10.857142857142858,3.2671428571428573,7,High,Medium,High,High Experience,1,3.2671428571428573,0.7142857142857143,342.61
CR00039,2025-01,7,2426.97,,,346.71,167,57900.57,Project Planning,Project Management,Paid,Advanced,346.71,3.42,1.23,10.857142857142858,3.2671428571428573,7,High,Short,Low,High Experience,2,3.2671428571428573,0.7142857142857143,346.71
CR00039,2025-02,11,3813.81,7.0,2426.97,346.71,167,57900.57,Project Planning,Project Management,Paid,Advanced,346.71,3.42,1.23,10.857142857142858,3.2671428571428573,7,High,Short,Low,High Experience,2,3.2671428571428573,0.7142857142857143,346.71
CR00039,2025-03,17,5894.07,11.0,3120.39,346.71,167,57900.57,Project Planning,Project Management,Paid,Advanced,346.71,3.42,1.23,10.857142857142858,3.2671428571428573,7,High,Short,Low,High Experience,2,3.2671428571428573,0.7142857142857143,346.71
CR00039,2025-04,12,4160.5199999999995,17.0,4044.9499999999994,346.71,167,57900.57,Project Planning,Project Management,Paid,Advanced,346.71,3.42,1.23,10.857142857142858,3.2671428571428573,7,High,Short,Low,High Experience,2,3.2671428571428573,0.7142857142857143,346.71
CR00039,2025-05,14,4853.94,12.0,4073.8424999999997,346.71,167,57900.57,Project Planning,Project Management,Paid,Advanced,346.71,3.42,1.23,10.857142857142858,3.2671428571428573,7,High,Short,Low,High Experience,2,3.2671428571428573,0.7142857142857143,346.71
CR00039,2025-06,9,3120.39,14.0,4229.861999999999,346.71,167,57900.57,Project Planning,Project Management,Paid,Advanced,346.71,3.42,1.23,10.857142857142858,3.2671428571428573,7,High,Short,Low,High Experience,2,3.2671428571428573,0.7142857142857143,346.71
CR00039,2025-07,14,4853.94,9.0,4044.9499999999994,346.71,167,57900.57,Project Planning,Project Management,Paid,Advanced,346.71,3.42,1.23,10.857142857142858,3.2671428571428573,7,High,Short,Low,High Experience,2,3.2671428571428573,0.7142857142857143,346.71
CR00039,2025-08,22,7627.62,14.0,4160.5199999999995,346.71,167,57900.57,Project Planning,Project Management,Paid,Advanced,346.71,3.42,1.23,10.857142857142858,3.2671428571428573,7,High,Short,Low,High Experience,2,3.2671428571428573,0.7142857142857143,346.71
CR00039,2025-09,18,6240.78,22.0,4593.907499999999,346.71,167,57900.57,Project Planning,Project Management,Paid,Advanced,346.71,3.42,1.23,10.857142857142858,3.2671428571428573,7,High,Short,Low,High Experience,2,3.2671428571428573,0.7142857142857143,346.71
CR00039,2025-10,16,5547.36,18.0,4776.8933333333325,346.71,167,57900.57,Project Planning,Project Management,Paid,Advanced,346.71,3.42,1.23,10.857142857142858,3.2671428571428573,7,High,Short,Low,High Experience,2,3.2671428571428573,0.7142857142857143,346.71
CR00039,2025-11,14,4853.94,16.0,4853.94,346.71,167,57900.57,Project Planning,Project Management,Paid,Advanced,346.71,3.42,1.23,10.857142857142858,3.2671428571428573,7,High,Short,Low,High Experience,2,3.2671428571428573,0.7142857142857143,346.71
CR00039,2025-12,13,4507.23,14.0,4853.94,346.71,167,57900.57,Project Planning,Project Management,Paid,Advanced,346.71,3.42,1.23,10.857142857142858,3.2671428571428573,7,High,Short,Low,High Experience,2,3.2671428571428573,0.7142857142857143,346.71
CR00040,2025-01,17,5575.83,,,327.99,174,57070.26,Leadership in Projects,Project Management,Paid,Beginner,327.99,12.13,1.51,10.857142857142858,3.2671428571428573,7,High,Short,Low,High Experience,0,3.2671428571428573,0.7142857142857143,327.99
CR00040,2025-02,10,3279.9,17.0,5575.83,327.99,174,57070.26,Leadership in Projects,Project Management,Paid,Beginner,327.99,12.13,1.51,10.857142857142858,3.2671428571428573,7,High,Short,Low,High Experience,0,3.2671428571428573,0.7142857142857143,327.99
CR00040,2025-03,20,6559.8,10.0,4427.865,327.99,174,57070.26,Leadership in Projects,Project Management,Paid,Beginner,327.99,12.13,1.51,10.857142857142858,3.2671428571428573,7,High,Short,Low,High Experience,0,3.2671428571428573,0.7142857142857143,327.99
CR00040,2025-04,11,3607.8900000000003,20.0,5138.51,327.99,174,57070.26,Leadership in Projects,Project Management,Paid,Beginner,327.99,12.13,1.51,10.857142857142858,3.2671428571428573,7,High,Short,Low,High Experience,0,3.2671428571428573,0.7142857142857143,327.99
CR00040,2025-05,14,4591.860000000001,11.0,4755.8550000000005,327.99000000000007,174,57070.26,Leadership in Projects,Project Management,Paid,Beginner,327.99,12.13,1.51,10.857142857142858,3.2671428571428573,7,High,Short,Low,High Experience,0,3.2671428571428573,0.7142857142857143,327.99
CR00040,2025-06,16,5247.84,14.0,4723.0560000000005,327.99,174,57070.26,Leadership in Projects,Project Management,Paid,Beginner,327.99,12.13,1.51,10.857142857142858,3.2671428571428573,7,High,Short,Low,High Experience,0,3.2671428571428573,0.7142857142857143,327.99
CR00040,2025-07,15,4919.85,16.0,4810.52,327.99,174,57070.26,Leadership in Projects,Project Management,Paid,Beginner,327.99,12.13,1.51,10.857142857142858,3.2671428571428573,7,High,Short,Low,High Experience,0,3.2671428571428573,0.7142857142857143,327.99
CR00040,2025-08,14,4591.860000000001,15.0,4826.138571428572,327.99000000000007,174,57070.26,Leadership in Projects,Project Management,Paid,Beginner,327.99,12.13,1.51,10.857142857142858,3.2671428571428573,7,High,Short,Low,High Experience,0,3.2671428571428573,0.7142857142857143,327.99
CR00040,2025-09,9,2951.91,14.0,4796.85375,327.99,174,57070.26,Leadership in Projects,Project Management,Paid,Beginner,327.99,12.13,1.51,10.857142857142858,3.2671428571428573,7,High,Short,Low,High Experience,0,3.2671428571428573,0.7142857142857143,327.99
CR00040,2025-10,15,4919.85,9.0,4591.860000000001,327.99,174,57070.26,Leadership in Projects,Project Management,Paid,Beginner,327.99,12.13,1.51,10.857142857142858,3.2671428571428573,7,High,Short,Low,High Experience,0,3.2671428571428573,0.7142857142857143,327.99
CR00040,2025-11,18,5903.82,15.0,4624.659000000001,327.99,174,57070.26,Leadership in Projects,Project Management,Paid,Beginner,327.99,12.13,1.51,10.857142857142858,3.2671428571428573,7,High,Short,Low,High Experience,0,3.2671428571428573,0.7142857142857143,327.99
CR00040,2025-12,15,4919.85,18.0,4740.946363636364,327.99,174,57070.26,Leadership in Projects,Project Management,Paid,Beginner,327.99,12.13,1.51,10.857142857142858,3.2671428571428573,7,High,Short,Low,High Experience,0,3.2671428571428573,0.7142857142857143,327.99
CR00041,2025-01,14,754.04,,,53.86,166,8940.76,Financial Accounting,Finance,Paid,Beginner,53.86,47.08,2.47,9.625,3.6425,8,Low,Long,Low,Medium Experience,0,3.6425,0.75,53.86
CR00041,2025-02,9,484.74,14.0,754.04,53.86,166,8940.76,Financial Accounting,Finance,Paid,Beginner,53.86,47.08,2.47,9.625,3.6425,8,Low,Long,Low,Medium Experience,0,3.6425,0.75,53.86
CR00041,2025-03,11,592.46,9.0,619.39,53.86000000000001,166,8940.76,Financial Accounting,Finance,Paid,Beginner,53.86,47.08,2.47,9.625,3.6425,8,Low,Long,Low,Medium Experience,0,3.6425,0.75,53.86
CR00041,2025-04,14,754.04,11.0,610.4133333333333,53.86,166,8940.76,Financial Accounting,Finance,Paid,Beginner,53.86,47.08,2.47,9.625,3.6425,8,Low,Long,Low,Medium Experience,0,3.6425,0.75,53.86
CR00041,2025-05,17,915.62,14.0,646.3199999999999,53.86,166,8940.76,Financial Accounting,Finance,Paid,Beginner,53.86,47.08,2.47,9.625,3.6425,8,Low,Long,Low,Medium Experience,0,3.6425,0.75,53.86
CR00041,2025-06,19,1023.34,17.0,700.1800000000001,53.86,166,8940.76,Financial Accounting,Finance,Paid,Beginner,53.86,47.08,2.47,9.625,3.6425,8,Low,Long,Low,Medium Experience,0,3.6425,0.75,53.86
CR00041,2025-07,14,754.04,19.0,754.04,53.86,166,8940.76,Financial Accounting,Finance,Paid,Beginner,53.86,47.08,2.47,9.625,3.6425,8,Low,Long,Low,Medium Experience,0,3.6425,0.75,53.86
CR00041,2025-08,14,754.04,14.0,754.04,53.86,166,8940.76,Financial Accounting,Finance,Paid,Beginner,53.86,47.08,2.47,9.625,3.6425,8,Low,Long,Low,Medium Experience,0,3.6425,0.75,53.86
CR00041,2025-09,10,538.6,14.0,754.04,53.86,166,8940.76,Financial Accounting,Finance,Paid,Beginner,53.86,47.08,2.47,9.625,3.6425,8,Low,Long,Low,Medium Experience,0,3.6425,0.75,53.86
CR00041,2025-10,19,1023.34,10.0,730.1022222222223,53.86,166,8940.76,Financial Accounting,Finance,Paid,Beginner,53.86,47.08,2.47,9.625,3.6425,8,Low,Long,Low,Medium Experience,0,3.6425,0.75,53.86
CR00041,2025-11,15,807.9,19.0,759.426,53.86,166,8940.76,Financial Accounting,Finance,Paid,Beginner,53.86,47.08,2.47,9.625,3.6425,8,Low,Long,Low,Medium Experience,0,3.6425,0.75,53.86
CR00041,2025-12,10,538.6,15.0,763.8327272727273,53.86,166,8940.76,Financial Accounting,Finance,Paid,Beginner,53.86,47.08,2.47,9.625,3.6425,8,Low,Long,Low,Medium Experience,0,3.6425,0.75,53.86
CR00042,2025-01,15,0.0,,,0.0,183,0.0,Investment Strategies,Finance,Free,Intermediate,0.0,34.83,4.1,9.625,3.6425,8,Free,Medium,High,Medium Experience,1,3.6425,0.75,0.0
CR00042,2025-02,18,0.0,15.0,0.0,0.0,183,0.0,Investment Strategies,Finance,Free,Intermediate,0.0,34.83,4.1,9.625,3.6425,8,Free,Medium,High,Medium Experience,1,3.6425,0.75,0.0
CR00042,2025-03,11,0.0,18.0,0.0,0.0,183,0.0,Investment Strategies,Finance,Free,Intermediate,0.0,34.83,4.1,9.625,3.6425,8,Free,Medium,High,Medium Experience,1,3.6425,0.75,0.0
CR00042,2025-04,17,0.0,11.0,0.0,0.0,183,0.0,Investment Strategies,Finance,Free,Intermediate,0.0,34.83,4.1,9.625,3.6425,8,Free,Medium,High,Medium Experience,1,3.6425,0.75,0.0
CR00042,2025-05,18,0.0,17.0,0.0,0.0,183,0.0,Investment Strategies,Finance,Free,Intermediate,0.0,34.83,4.1,9.625,3.6425,8,Free,Medium,High,Medium Experience,1,3.6425,0.75,0.0
CR00042,2025-06,9,0.0,18.0,0.0,0.0,183,0.0,Investment Strategies,Finance,Free,Intermediate,0.0,34.83,4.1,9.625,3.6425,8,Free,Medium,High,Medium Experience,1,3.6425,0.75,0.0
CR00042,2025-07,20,0.0,9.0,0.0,0.0,183,0.0,Investment Strategies,Finance,Free,Intermediate,0.0,34.83,4.1,9.625,3.6425,8,Free,Medium,High,Medium Experience,1,3.6425,0.75,0.0
CR00042,2025-08,20,0.0,20.0,0.0,0.0,183,0.0,Investment Strategies,Finance,Free,Intermediate,0.0,34.83,4.1,9.625,3.6425,8,Free,Medium,High,Medium Experience,1,3.6425,0.75,0.0
CR00042,2025-09,18,0.0,20.0,0.0,0.0,183,0.0,Investment Strategies,Finance,Free,Intermediate,0.0,34.83,4.1,9.625,3.6425,8,Free,Medium,High,Medium Experience,1,3.6425,0.75,0.0
CR00042,2025-10,10,0.0,18.0,0.0,0.0,183,0.0,Investment Strategies,Finance,Free,Intermediate,0.0,34.83,4.1,9.625,3.6425,8,Free,Medium,High,Medium Experience,1,3.6425,0.75,0.0
CR00042,2025-11,11,0.0,10.0,0.0,0.0,183,0.0,Investment Strategies,Finance,Free,Intermediate,0.0,34.83,4.1,9.625,3.6425,8,Free,Medium,High,Medium Experience,1,3.6425,0.75,0.0
CR00042,2025-12,16,0.0,11.0,0.0,0.0,183,0.0,Investment Strategies,Finance,Free,Intermediate,0.0,34.83,4.1,9.625,3.6425,8,Free,Medium,High,Medium Experience,1,3.6425,0.75,0.0
CR00043,2025-01,22,0.0,,,0.0,182,0.0,Corporate Finance,Finance,Free,Beginner,0.0,31.77,4.14,9.625,3.6425,8,Free,Medium,High,Medium Experience,0,3.6425,0.75,0.0
CR00043,2025-02,12,0.0,22.0,0.0,0.0,182,0.0,Corporate Finance,Finance,Free,Beginner,0.0,31.77,4.14,9.625,3.6425,8,Free,Medium,High,Medium Experience,0,3.6425,0.75,0.0
CR00043,2025-03,11,0.0,12.0,0.0,0.0,182,0.0,Corporate Finance,Finance,Free,Beginner,0.0,31.77,4.14,9.625,3.6425,8,Free,Medium,High,Medium Experience,0,3.6425,0.75,0.0
CR00043,2025-04,13,0.0,11.0,0.0,0.0,182,0.0,Corporate Finance,Finance,Free,Beginner,0.0,31.77,4.14,9.625,3.6425,8,Free,Medium,High,Medium Experience,0,3.6425,0.75,0.0
CR00043,2025-05,17,0.0,13.0,0.0,0.0,182,0.0,Corporate Finance,Finance,Free,Beginner,0.0,31.77,4.14,9.625,3.6425,8,Free,Medium,High,Medium Experience,0,3.6425,0.75,0.0
CR00043,2025-06,13,0.0,17.0,0.0,0.0,182,0.0,Corporate Finance,Finance,Free,Beginner,0.0,31.77,4.14,9.625,3.6425,8,Free,Medium,High,Medium Experience,0,3.6425,0.75,0.0
CR00043,2025-07,13,0.0,13.0,0.0,0.0,182,0.0,Corporate Finance,Finance,Free,Beginner,0.0,31.77,4.14,9.625,3.6425,8,Free,Medium,High,Medium Experience,0,3.6425,0.75,0.0
CR00043,2025-08,12,0.0,13.0,0.0,0.0,182,0.0,Corporate Finance,Finance,Free,Beginner,0.0,31.77,4.14,9.625,3.6425,8,Free,Medium,High,Medium Experience,0,3.6425,0.75,0.0
CR00043,2025-09,16,0.0,12.0,0.0,0.0,182,0.0,Corporate Finance,Finance,Free,Beginner,0.0,31.77,4.14,9.625,3.6425,8,Free,Medium,High,Medium Experience,0,3.6425,0.75,0.0
CR00043,2025-10,19,0.0,16.0,0.0,0.0,182,0.0,Corporate Finance,Finance,Free,Beginner,0.0,31.77,4.14,9.625,3.6425,8,Free,Medium,High,Medium Experience,0,3.6425,0.75,0.0
CR00043,2025-11,14,0.0,19.0,0.0,0.0,182,0.0,Corporate Finance,Finance,Free,Beginner,0.0,31.77,4.14,9.625,3.6425,8,Free,Medium,High,Medium Experience,0,3.6425,0.75,0.0
CR00043,2025-12,20,0.0,14.0,0.0,0.0,182,0.0,Corporate Finance,Finance,Free,Beginner,0.0,31.77,4.14,9.625,3.6425,8,Free,Medium,High,Medium Experience,0,3.6425,0.75,0.0
CR00044,2025-01,10,1190.4,,,119.04,161,19165.440000000002,Personal Finance,Finance,Paid,Intermediate,119.04,23.41,2.75,10.0,3.69,7,Low,Medium,Medium,Medium Experience,1,3.69,0.7142857142857143,119.04000000000002
CR00044,2025-02,13,1547.52,10.0,1190.4,119.03999999999999,161,19165.440000000002,Personal Finance,Finance,Paid,Intermediate,119.04,23.41,2.75,10.0,3.69,7,Low,Medium,Medium,Medium Experience,1,3.69,0.7142857142857143,119.04000000000002
CR00044,2025-03,14,1666.5600000000002,13.0,1368.96,119.04,161,19165.440000000002,Personal Finance,Finance,Paid,Intermediate,119.04,23.41,2.75,10.0,3.69,7,Low,Medium,Medium,Medium Experience,1,3.69,0.7142857142857143,119.04000000000002
CR00044,2025-04,8,952.32,14.0,1468.16,119.04,161,19165.440000000002,Personal Finance,Finance,Paid,Intermediate,119.04,23.41,2.75,10.0,3.69,7,Low,Medium,Medium,Medium Experience,1,3.69,0.7142857142857143,119.04000000000002
CR00044,2025-05,9,1071.3600000000001,8.0,1339.2,119.04000000000002,161,19165.440000000002,Personal Finance,Finance,Paid,Intermediate,119.04,23.41,2.75,10.0,3.69,7,Low,Medium,Medium,Medium Experience,1,3.69,0.7142857142857143,119.04000000000002
CR00044,2025-06,22,2618.88,9.0,1285.632,119.04,161,19165.440000000002,Personal Finance,Finance,Paid,Intermediate,119.04,23.41,2.75,10.0,3.69,7,Low,Medium,Medium,Medium Experience,1,3.69,0.7142857142857143,119.04000000000002
CR00044,2025-07,17,2023.68,22.0,1507.8400000000001,119.04,161,19165.440000000002,Personal Finance,Finance,Paid,Intermediate,119.04,23.41,2.75,10.0,3.69,7,Low,Medium,Medium,Medium Experience,1,3.69,0.7142857142857143,119.04000000000002
CR00044,2025-08,18,2142.7200000000003,17.0,1581.5314285714287,119.04000000000002,161,19165.440000000002,Personal Finance,Finance,Paid,Intermediate,119.04,23.41,2.75,10.0,3.69,7,Low,Medium,Medium,Medium Experience,1,3.69,0.7142857142857143,119.04000000000002
CR00044,2025-09,15,1785.6000000000001,18.0,1651.68,119.04,161,19165.440000000002,Personal Finance,Finance,Paid,Intermediate,119.04,23.41,2.75,10.0,3.69,7,Low,Medium,Medium,Medium Experience,1,3.69,0.7142857142857143,119.04000000000002
CR00044,2025-10,9,1071.3600000000001,15.0,1666.5600000000002,119.04000000000002,161,19165.440000000002,Personal Finance,Finance,Paid,Intermediate,119.04,23.41,2.75,10.0,3.69,7,Low,Medium,Medium,Medium Experience,1,3.69,0.7142857142857143,119.04000000000002
CR00044,2025-11,13,1547.52,9.0,1607.0400000000002,119.03999999999999,161,19165.440000000002,Personal Finance,Finance,Paid,Intermediate,119.04,23.41,2.75,10.0,3.69,7,Low,Medium,Medium,Medium Experience,1,3.69,0.7142857142857143,119.04000000000002
CR00044,2025-12,13,1547.52,13.0,1601.629090909091,119.03999999999999,161,19165.440000000002,Personal Finance,Finance,Paid,Intermediate,119.04,23.41,2.75,10.0,3.69,7,Low,Medium,Medium,Medium Experience,1,3.69,0.7142857142857143,119.04000000000002
CR00045,2025-01,14,0.0,,,0.0,172,0.0,Financial Modeling,Finance,Free,Advanced,0.0,6.36,1.59,9.625,3.6425,8,Free,Short,Low,Medium Experience,2,3.6425,0.75,0.0
CR00045,2025-02,13,0.0,14.0,0.0,0.0,172,0.0,Financial Modeling,Finance,Free,Advanced,0.0,6.36,1.59,9.625,3.6425,8,Free,Short,Low,Medium Experience,2,3.6425,0.75,0.0
CR00045,2025-03,16,0.0,13.0,0.0,0.0,172,0.0,Financial Modeling,Finance,Free,Advanced,0.0,6.36,1.59,9.625,3.6425,8,Free,Short,Low,Medium Experience,2,3.6425,0.75,0.0
CR00045,2025-04,18,0.0,16.0,0.0,0.0,172,0.0,Financial Modeling,Finance,Free,Advanced,0.0,6.36,1.59,9.625,3.6425,8,Free,Short,Low,Medium Experience,2,3.6425,0.75,0.0
CR00045,2025-05,9,0.0,18.0,0.0,0.0,172,0.0,Financial Modeling,Finance,Free,Advanced,0.0,6.36,1.59,9.625,3.6425,8,Free,Short,Low,Medium Experience,2,3.6425,0.75,0.0
CR00045,2025-06,16,0.0,9.0,0.0,0.0,172,0.0,Financial Modeling,Finance,Free,Advanced,0.0,6.36,1.59,9.625,3.6425,8,Free,Short,Low,Medium Experience,2,3.6425,0.75,0.0
CR00045,2025-07,18,0.0,16.0,0.0,0.0,172,0.0,Financial Modeling,Finance,Free,Advanced,0.0,6.36,1.59,9.625,3.6425,8,Free,Short,Low,Medium Experience,2,3.6425,0.75,0.0
CR00045,2025-08,12,0.0,18.0,0.0,0.0,172,0.0,Financial Modeling,Finance,Free,Advanced,0.0,6.36,1.59,9.625,3.6425,8,Free,Short,Low,Medium Experience,2,3.6425,0.75,0.0
CR00045,2025-09,15,0.0,12.0,0.0,0.0,172,0.0,Financial Modeling,Finance,Free,Advanced,0.0,6.36,1.59,9.625,3.6425,8,Free,Short,Low,Medium Experience,2,3.6425,0.75,0.0
CR00045,2025-10,15,0.0,15.0,0.0,0.0,172,0.0,Financial Modeling,Finance,Free,Advanced,0.0,6.36,1.59,9.625,3.6425,8,Free,Short,Low,Medium Experience,2,3.6425,0.75,0.0
CR00045,2025-11,14,0.0,15.0,0.0,0.0,172,0.0,Financial Modeling,Finance,Free,Advanced,0.0,6.36,1.59,9.625,3.6425,8,Free,Short,Low,Medium Experience,2,3.6425,0.75,0.0
CR00045,2025-12,12,0.0,14.0,0.0,0.0,172,0.0,Financial Modeling,Finance,Free,Advanced,0.0,6.36,1.59,9.625,3.6425,8,Free,Short,Low,Medium Experience,2,3.6425,0.75,0.0
CR00046,2025-01,12,2977.2,,,248.1,140,34734.0,AI for Beginners,Artificial Intelligence,Paid,Beginner,248.1,9.4,1.2,9.75,3.5737499999999995,8,High,Short,Low,Medium Experience,0,3.5737499999999995,0.75,248.1
CR00046,2025-02,17,4217.7,12.0,2977.2,248.1,140,34734.0,AI for Beginners,Artificial Intelligence,Paid,Beginner,248.1,9.4,1.2,9.75,3.5737499999999995,8,High,Short,Low,Medium Experience,0,3.5737499999999995,0.75,248.1
CR00046,2025-03,13,3225.2999999999997,17.0,3597.45,248.09999999999997,140,34734.0,AI for Beginners,Artificial Intelligence,Paid,Beginner,248.1,9.4,1.2,9.75,3.5737499999999995,8,High,Short,Low,Medium Experience,0,3.5737499999999995,0.75,248.1
CR00046,2025-04,14,3473.4,13.0,3473.3999999999996,248.1,140,34734.0,AI for Beginners,Artificial Intelligence,Paid,Beginner,248.1,9.4,1.2,9.75,3.5737499999999995,8,High,Short,Low,Medium Experience,0,3.5737499999999995,0.75,248.1
CR00046,2025-05,14,3473.4,14.0,3473.3999999999996,248.1,140,34734.0,AI for Beginners,Artificial Intelligence,Paid,Beginner,248.1,9.4,1.2,9.75,3.5737499999999995,8,High,Short,Low,Medium Experience,0,3.5737499999999995,0.75,248.1
CR00046,2025-06,11,2729.1,14.0,3473.4,248.1,140,34734.0,AI for Beginners,Artificial Intelligence,Paid,Beginner,248.1,9.4,1.2,9.75,3.5737499999999995,8,High,Short,Low,Medium Experience,0,3.5737499999999995,0.75,248.1
CR00046,2025-07,8,1984.8,11.0,3349.35,248.1,140,34734.0,AI for Beginners,Artificial Intelligence,Paid,Beginner,248.1,9.4,1.2,9.75,3.5737499999999995,8,High,Short,Low,Medium Experience,0,3.5737499999999995,0.75,248.1
CR00046,2025-08,12,2977.2,8.0,3154.4142857142856,248.1,140,34734.0,AI for Beginners,Artificial Intelligence,Paid,Beginner,248.1,9.4,1.2,9.75,3.5737499999999995,8,High,Short,Low,Medium Experience,0,3.5737499999999995,0.75,248.1
CR00046,2025-09,9,2232.9,12.0,3132.2625,248.10000000000002,140,34734.0,AI for Beginners,Artificial Intelligence,Paid,Beginner,248.1,9.4,1.2,9.75,3.5737499999999995,8,High,Short,Low,Medium Experience,0,3.5737499999999995,0.75,248.1
CR00046,2025-10,10,2481.0,9.0,3032.3333333333335,248.1,140,34734.0,AI for Beginners,Artificial Intelligence,Paid,Beginner,248.1,9.4,1.2,9.75,3.5737499999999995,8,High,Short,Low,Medium Experience,0,3.5737499999999995,0.75,248.1
CR00046,2025-11,14,3473.4,10.0,2977.2,248.1,140,34734.0,AI for Beginners,Artificial Intelligence,Paid,Beginner,248.1,9.4,1.2,9.75,3.5737499999999995,8,High,Short,Low,Medium Experience,0,3.5737499999999995,0.75,248.1
CR00046,2025-12,6,1488.6,14.0,3022.309090909091,248.1,140,34734.0,AI for Beginners,Artificial Intelligence,Paid,Beginner,248.1,9.4,1.2,9.75,3.5737499999999995,8,High,Short,Low,Medium Experience,0,3.5737499999999995,0.75,248.1
CR00047,2025-01,18,1612.6200000000001,,,89.59,166,14871.94,Natural Language Processing,Artificial Intelligence,Paid,Intermediate,89.59,1.55,2.68,9.75,3.5737499999999995,8,Low,Short,Medium,Medium Experience,1,3.5737499999999995,0.75,89.59
CR00047,2025-02,15,1343.8500000000001,18.0,1612.6200000000001,89.59,166,14871.94,Natural Language Processing,Artificial Intelligence,Paid,Intermediate,89.59,1.55,2.68,9.75,3.5737499999999995,8,Low,Short,Medium,Medium Experience,1,3.5737499999999995,0.75,89.59
CR00047,2025-03,17,1523.03,15.0,1478.2350000000001,89.59,166,14871.94,Natural Language Processing,Artificial Intelligence,Paid,Intermediate,89.59,1.55,2.68,9.75,3.5737499999999995,8,Low,Short,Medium,Medium Experience,1,3.5737499999999995,0.75,89.59
CR00047,2025-04,9,806.3100000000001,17.0,1493.1666666666667,89.59,166,14871.94,Natural Language Processing,Artificial Intelligence,Paid,Intermediate,89.59,1.55,2.68,9.75,3.5737499999999995,8,Low,Short,Medium,Medium Experience,1,3.5737499999999995,0.75,89.59
CR00047,2025-05,13,1164.67,9.0,1321.4525,89.59,166,14871.94,Natural Language Processing,Artificial Intelligence,Paid,Intermediate,89.59,1.55,2.68,9.75,3.5737499999999995,8,Low,Short,Medium,Medium Experience,1,3.5737499999999995,0.75,89.59
CR00047,2025-06,14,1254.26,13.0,1290.096,89.59,166,14871.94,Natural Language Processing,Artificial Intelligence,Paid,Intermediate,89.59,1.55,2.68,9.75,3.5737499999999995,8,Low,Short,Medium,Medium Experience,1,3.5737499999999995,0.75,89.59
CR00047,2025-07,16,1433.44,14.0,1284.1233333333334,89.59,166,14871.94,Natural Language Processing,Artificial Intelligence,Paid,Intermediate,89.59,1.55,2.68,9.75,3.5737499999999995,8,Low,Short,Medium,Medium Experience,1,3.5737499999999995,0.75,89.59
CR00047,2025-08,10,895.9000000000001,16.0,1305.4542857142858,89.59,166,14871.94,Natural Language Processing,Artificial Intelligence,Paid,Intermediate,89.59,1.55,2.68,9.75,3.5737499999999995,8,Low,Short,Medium,Medium Experience,1,3.5737499999999995,0.75,89.59
CR00047,2025-09,10,895.9000000000001,10.0,1254.26,89.59,166,14871.94,Natural Language Processing,Artificial Intelligence,Paid,Intermediate,89.59,1.55,2.68,9.75,3.5737499999999995,8,Low,Short,Medium,Medium Experience,1,3.5737499999999995,0.75,89.59
CR00047,2025-10,13,1164.67,10.0,1214.4422222222224,89.59,166,14871.94,Natural Language Processing,Artificial Intelligence,Paid,Intermediate,89.59,1.55,2.68,9.75,3.5737499999999995,8,Low,Short,Medium,Medium Experience,1,3.5737499999999995,0.75,89.59
CR00047,2025-11,18,1612.6200000000001,13.0,1209.4650000000001,89.59,166,14871.94,Natural Language Processing,Artificial Intelligence,Paid,Intermediate,89.59,1.55,2.68,9.75,3.5737499999999995,8,Low,Short,Medium,Medium Experience,1,3.5737499999999995,0.75,89.59
CR00047,2025-12,13,1164.67,18.0,1246.1154545454547,89.59,166,14871.94,Natural Language Processing,Artificial Intelligence,Paid,Intermediate,89.59,1.55,2.68,9.75,3.5737499999999995,8,Low,Short,Medium,Medium Experience,1,3.5737499999999995,0.75,89.59
CR00048,2025-01,13,0.0,,,0.0,186,0.0,AI Ethics,Artificial Intelligence,Free,Beginner,0.0,42.7,3.64,9.75,3.5737499999999995,8,Free,Long,Medium,Medium Experience,0,3.5737499999999995,0.75,0.0
CR00048,2025-02,19,0.0,13.0,0.0,0.0,186,0.0,AI Ethics,Artificial Intelligence,Free,Beginner,0.0,42.7,3.64,9.75,3.5737499999999995,8,Free,Long,Medium,Medium Experience,0,3.5737499999999995,0.75,0.0
CR00048,2025-03,19,0.0,19.0,0.0,0.0,186,0.0,AI Ethics,Artificial Intelligence,Free,Beginner,0.0,42.7,3.64,9.75,3.5737499999999995,8,Free,Long,Medium,Medium Experience,0,3.5737499999999995,0.75,0.0
CR00048,2025-04,13,0.0,19.0,0.0,0.0,186,0.0,AI Ethics,Artificial Intelligence,Free,Beginner,0.0,42.7,3.64,9.75,3.5737499999999995,8,Free,Long,Medium,Medium Experience,0,3.5737499999999995,0.75,0.0
CR00048,2025-05,16,0.0,13.0,0.0,0.0,186,0.0,AI Ethics,Artificial Intelligence,Free,Beginner,0.0,42.7,3.64,9.75,3.5737499999999995,8,Free,Long,Medium,Medium Experience,0,3.5737499999999995,0.75,0.0
CR00048,2025-06,15,0.0,16.0,0.0,0.0,186,0.0,AI Ethics,Artificial Intelligence,Free,Beginner,0.0,42.7,3.64,9.75,3.5737499999999995,8,Free,Long,Medium,Medium Experience,0,3.5737499999999995,0.75,0.0
CR00048,2025-07,14,0.0,15.0,0.0,0.0,186,0.0,AI Ethics,Artificial Intelligence,Free,Beginner,0.0,42.7,3.64,9.75,3.5737499999999995,8,Free,Long,Medium,Medium Experience,0,3.5737499999999995,0.75,0.0
CR00048,2025-08,22,0.0,14.0,0.0,0.0,186,0.0,AI Ethics,Artificial Intelligence,Free,Beginner,0.0,42.7,3.64,9.75,3.5737499999999995,8,Free,Long,Medium,Medium Experience,0,3.5737499999999995,0.75,0.0
CR00048,2025-09,12,0.0,22.0,0.0,0.0,186,0.0,AI Ethics,Artificial Intelligence,Free,Beginner,0.0,42.7,3.64,9.75,3.5737499999999995,8,Free,Long,Medium,Medium Experience,0,3.5737499999999995,0.75,0.0
CR00048,2025-10,8,0.0,12.0,0.0,0.0,186,0.0,AI Ethics,Artificial Intelligence,Free,Beginner,0.0,42.7,3.64,9.75,3.5737499999999995,8,Free,Long,Medium,Medium Experience,0,3.5737499999999995,0.75,0.0
CR00048,2025-11,13,0.0,8.0,0.0,0.0,186,0.0,AI Ethics,Artificial Intelligence,Free,Beginner,0.0,42.7,3.64,9.75,3.5737499999999995,8,Free,Long,Medium,Medium Experience,0,3.5737499999999995,0.75,0.0
CR00048,2025-12,22,0.0,13.0,0.0,0.0,186,0.0,AI Ethics,Artificial Intelligence,Free,Beginner,0.0,42.7,3.64,9.75,3.5737499999999995,8,Free,Long,Medium,Medium Experience,0,3.5737499999999995,0.75,0.0
CR00049,2025-01,22,9141.22,,,415.51,163,67728.13,Deep Learning,Artificial Intelligence,Paid,Intermediate,415.51,28.33,3.11,9.75,3.5737499999999995,8,High,Medium,Medium,Medium Experience,1,3.5737499999999995,0.75,415.51000000000005
CR00049,2025-02,11,4570.61,22.0,9141.22,415.51,163,67728.13,Deep Learning,Artificial Intelligence,Paid,Intermediate,415.51,28.33,3.11,9.75,3.5737499999999995,8,High,Medium,Medium,Medium Experience,1,3.5737499999999995,0.75,415.51000000000005
CR00049,2025-03,12,4986.12,11.0,6855.914999999999,415.51,163,67728.13,Deep Learning,Artificial Intelligence,Paid,Intermediate,415.51,28.33,3.11,9.75,3.5737499999999995,8,High,Medium,Medium,Medium Experience,1,3.5737499999999995,0.75,415.51000000000005
CR00049,2025-04,10,4155.1,12.0,6232.649999999999,415.51000000000005,163,67728.13,Deep Learning,Artificial Intelligence,Paid,Intermediate,415.51,28.33,3.11,9.75,3.5737499999999995,8,High,Medium,Medium,Medium Experience,1,3.5737499999999995,0.75,415.51000000000005
CR00049,2025-05,10,4155.1,10.0,5713.2625,415.51000000000005,163,67728.13,Deep Learning,Artificial Intelligence,Paid,Intermediate,415.51,28.33,3.11,9.75,3.5737499999999995,8,High,Medium,Medium,Medium Experience,1,3.5737499999999995,0.75,415.51000000000005
CR00049,2025-06,13,5401.63,10.0,5401.63,415.51,163,67728.13,Deep Learning,Artificial Intelligence,Paid,Intermediate,415.51,28.33,3.11,9.75,3.5737499999999995,8,High,Medium,Medium,Medium Experience,1,3.5737499999999995,0.75,415.51000000000005
CR00049,2025-07,15,6232.65,13.0,5401.63,415.51,163,67728.13,Deep Learning,Artificial Intelligence,Paid,Intermediate,415.51,28.33,3.11,9.75,3.5737499999999995,8,High,Medium,Medium,Medium Experience,1,3.5737499999999995,0.75,415.51000000000005
CR00049,2025-08,11,4570.61,15.0,5520.347142857143,415.51,163,67728.13,Deep Learning,Artificial Intelligence,Paid,Intermediate,415.51,28.33,3.11,9.75,3.5737499999999995,8,High,Medium,Medium,Medium Experience,1,3.5737499999999995,0.75,415.51000000000005
CR00049,2025-09,11,4570.61,11.0,5401.63,415.51,163,67728.13,Deep Learning,Artificial Intelligence,Paid,Intermediate,415.51,28.33,3.11,9.75,3.5737499999999995,8,High,Medium,Medium,Medium Experience,1,3.5737499999999995,0.75,415.51000000000005
CR00049,2025-10,15,6232.65,11.0,5309.294444444445,415.51,163,67728.13,Deep Learning,Artificial Intelligence,Paid,Intermediate,415.51,28.33,3.11,9.75,3.5737499999999995,8,High,Medium,Medium,Medium Experience,1,3.5737499999999995,0.75,415.51000000000005
CR00049,2025-11,17,7063.67,15.0,5401.629999999999,415.51,163,67728.13,Deep Learning,Artificial Intelligence,Paid,Intermediate,415.51,28.33,3.11,9.75,3.5737499999999995,8,High,Medium,Medium,Medium Experience,1,3.5737499999999995,0.75,415.51000000000005
CR00049,2025-12,16,6648.16,17.0,5552.7245454545455,415.51,163,67728.13,Deep Learning,Artificial Intelligence,Paid,Intermediate,415.51,28.33,3.11,9.75,3.5737499999999995,8,High,Medium,Medium,Medium Experience,1,3.5737499999999995,0.75,415.51000000000005
CR00050,2025-01,15,7363.5,,,490.9,174,85416.59999999999,Computer Vision,Artificial Intelligence,Paid,Beginner,490.9,7.55,4.55,9.75,3.5737499999999995,8,High,Short,High,Medium Experience,0,3.5737499999999995,0.75,490.9
CR00050,2025-02,19,9327.1,15.0,7363.5,490.90000000000003,174,85416.59999999999,Computer Vision,Artificial Intelligence,Paid,Beginner,490.9,7.55,4.55,9.75,3.5737499999999995,8,High,Short,High,Medium Experience,0,3.5737499999999995,0.75,490.9
CR00050,2025-03,23,11290.699999999999,19.0,8345.3,490.9,174,85416.59999999999,Computer Vision,Artificial Intelligence,Paid,Beginner,490.9,7.55,4.55,9.75,3.5737499999999995,8,High,Short,High,Medium Experience,0,3.5737499999999995,0.75,490.9
CR00050,2025-04,15,7363.5,23.0,9327.1,490.9,174,85416.59999999999,Computer Vision,Artificial Intelligence,Paid,Beginner,490.9,7.55,4.55,9.75,3.5737499999999995,8,High,Short,High,Medium Experience,0,3.5737499999999995,0.75,490.9
CR00050,2025-05,10,4909.0,15.0,8836.2,490.9,174,85416.59999999999,Computer Vision,Artificial Intelligence,Paid,Beginner,490.9,7.55,4.55,9.75,3.5737499999999995,8,High,Short,High,Medium Experience,0,3.5737499999999995,0.75,490.9
CR00050,2025-06,16,7854.4,10.0,8050.76,490.9,174,85416.59999999999,Computer Vision,Artificial Intelligence,Paid,Beginner,490.9,7.55,4.55,9.75,3.5737499999999995,8,High,Short,High,Medium Experience,0,3.5737499999999995,0.75,490.9
CR00050,2025-07,13,6381.7,16.0,8018.033333333333,490.9,174,85416.59999999999,Computer Vision,Artificial Intelligence,Paid,Beginner,490.9,7.55,4.55,9.75,3.5737499999999995,8,High,Short,High,Medium Experience,0,3.5737499999999995,0.75,490.9
CR00050,2025-08,8,3927.2,13.0,7784.271428571429,490.9,174,85416.59999999999,Computer Vision,Artificial Intelligence,Paid,Beginner,490.9,7.55,4.55,9.75,3.5737499999999995,8,High,Short,High,Medium Experience,0,3.5737499999999995,0.75,490.9
CR00050,2025-09,12,5890.799999999999,8.0,7302.1375,490.8999999999999,174,85416.59999999999,Computer Vision,Artificial Intelligence,Paid,Beginner,490.9,7.55,4.55,9.75,3.5737499999999995,8,High,Short,High,Medium Experience,0,3.5737499999999995,0.75,490.9
CR00050,2025-10,13,6381.7,12.0,7145.322222222221,490.9,174,85416.59999999999,Computer Vision,Artificial Intelligence,Paid,Beginner,490.9,7.55,4.55,9.75,3.5737499999999995,8,High,Short,High,Medium Experience,0,3.5737499999999995,0.75,490.9
CR00050,2025-11,17,8345.3,13.0,7068.959999999999,490.9,174,85416.59999999999,Computer Vision,Artificial Intelligence,Paid,Beginner,490.9,7.55,4.55,9.75,3.5737499999999995,8,High,Short,High,Medium Experience,0,3.5737499999999995,0.75,490.9
CR00050,2025-12,13,6381.7,17.0,7184.990909090909,490.9,174,85416.59999999999,Computer Vision,Artificial Intelligence,Paid,Beginner,490.9,7.55,4.55,9.75,3.5737499999999995,8,High,Short,High,Medium Experience,0,3.5737499999999995,0.75,490.9
CR00051,2025-01,10,378.9,,,37.89,171,6479.1900000000005,HTML & CSS,Web Development,Paid,Advanced,37.89,24.11,1.3,7.3,3.2089999999999996,20,Low,Medium,Low,Medium Experience,2,3.2089999999999996,0.25,37.89
CR00051,2025-02,15,568.35,10.0,378.9,37.89,171,6479.1900000000005,HTML & CSS,Web Development,Paid,Advanced,37.89,24.11,1.3,7.3,3.2089999999999996,20,Low,Medium,Low,Medium Experience,2,3.2089999999999996,0.25,37.89
CR00051,2025-03,24,909.36,15.0,473.625,37.89,171,6479.1900000000005,HTML & CSS,Web Development,Paid,Advanced,37.89,24.11,1.3,7.3,3.2089999999999996,20,Low,Medium,Low,Medium Experience,2,3.2089999999999996,0.25,37.89
CR00051,2025-04,11,416.79,24.0,618.87,37.89,171,6479.1900000000005,HTML & CSS,Web Development,Paid,Advanced,37.89,24.11,1.3,7.3,3.2089999999999996,20,Low,Medium,Low,Medium Experience,2,3.2089999999999996,0.25,37.89
CR00051,2025-05,15,568.35,11.0,568.35,37.89,171,6479.1900000000005,HTML & CSS,Web Development,Paid,Advanced,37.89,24.11,1.3,7.3,3.2089999999999996,20,Low,Medium,Low,Medium Experience,2,3.2089999999999996,0.25,37.89
CR00051,2025-06,13,492.57,15.0,568.35,37.89,171,6479.1900000000005,HTML & CSS,Web Development,Paid,Advanced,37.89,24.11,1.3,7.3,3.2089999999999996,20,Low,Medium,Low,Medium Experience,2,3.2089999999999996,0.25,37.89
CR00051,2025-07,14,530.46,13.0,555.72,37.89,171,6479.1900000000005,HTML & CSS,Web Development,Paid,Advanced,37.89,24.11,1.3,7.3,3.2089999999999996,20,Low,Medium,Low,Medium Experience,2,3.2089999999999996,0.25,37.89
CR00051,2025-08,14,530.46,14.0,552.1114285714285,37.89,171,6479.1900000000005,HTML & CSS,Web Development,Paid,Advanced,37.89,24.11,1.3,7.3,3.2089999999999996,20,Low,Medium,Low,Medium Experience,2,3.2089999999999996,0.25,37.89
CR00051,2025-09,13,492.57,14.0,549.405,37.89,171,6479.1900000000005,HTML & CSS,Web Development,Paid,Advanced,37.89,24.11,1.3,7.3,3.2089999999999996,20,Low,Medium,Low,Medium Experience,2,3.2089999999999996,0.25,37.89
CR00051,2025-10,11,416.79,13.0,543.09,37.89,171,6479.1900000000005,HTML & CSS,Web Development,Paid,Advanced,37.89,24.11,1.3,7.3,3.2089999999999996,20,Low,Medium,Low,Medium Experience,2,3.2089999999999996,0.25,37.89
CR00051,2025-11,15,568.35,11.0,530.46,37.89,171,6479.1900000000005,HTML & CSS,Web Development,Paid,Advanced,37.89,24.11,1.3,7.3,3.2089999999999996,20,Low,Medium,Low,Medium Experience,2,3.2089999999999996,0.25,37.89
CR00051,2025-12,16,606.24,15.0,533.9045454545454,37.89,171,6479.1900000000005,HTML & CSS,Web Development,Paid,Advanced,37.89,24.11,1.3,7.3,3.2089999999999996,20,Low,Medium,Low,Medium Experience,2,3.2089999999999996,0.25,37.89
CR00052,2025-01,17,0.0,,,0.0,154,0.0,JavaScript Mastery,Web Development,Free,Beginner,0.0,40.76,2.2,7.8,3.214,15,Free,Long,Low,Medium Experience,0,3.214,0.3333333333333333,0.0
CR00052,2025-02,14,0.0,17.0,0.0,0.0,154,0.0,JavaScript Mastery,Web Development,Free,Beginner,0.0,40.76,2.2,7.8,3.214,15,Free,Long,Low,Medium Experience,0,3.214,0.3333333333333333,0.0
CR00052,2025-03,13,0.0,14.0,0.0,0.0,154,0.0,JavaScript Mastery,Web Development,Free,Beginner,0.0,40.76,2.2,7.8,3.214,15,Free,Long,Low,Medium Experience,0,3.214,0.3333333333333333,0.0
CR00052,2025-04,16,0.0,13.0,0.0,0.0,154,0.0,JavaScript Mastery,Web Development,Free,Beginner,0.0,40.76,2.2,7.8,3.214,15,Free,Long,Low,Medium Experience,0,3.214,0.3333333333333333,0.0
CR00052,2025-05,15,0.0,16.0,0.0,0.0,154,0.0,JavaScript Mastery,Web Development,Free,Beginner,0.0,40.76,2.2,7.8,3.214,15,Free,Long,Low,Medium Experience,0,3.214,0.3333333333333333,0.0
CR00052,2025-06,13,0.0,15.0,0.0,0.0,154,0.0,JavaScript Mastery,Web Development,Free,Beginner,0.0,40.76,2.2,7.8,3.214,15,Free,Long,Low,Medium Experience,0,3.214,0.3333333333333333,0.0
CR00052,2025-07,11,0.0,13.0,0.0,0.0,154,0.0,JavaScript Mastery,Web Development,Free,Beginner,0.0,40.76,2.2,7.8,3.214,15,Free,Long,Low,Medium Experience,0,3.214,0.3333333333333333,0.0
CR00052,2025-08,14,0.0,11.0,0.0,0.0,154,0.0,JavaScript Mastery,Web Development,Free,Beginner,0.0,40.76,2.2,7.8,3.214,15,Free,Long,Low,Medium Experience,0,3.214,0.3333333333333333,0.0
CR00052,2025-09,12,0.0,14.0,0.0,0.0,154,0.0,JavaScript Mastery,Web Development,Free,Beginner,0.0,40.76,2.2,7.8,3.214,15,Free,Long,Low,Medium Experience,0,3.214,0.3333333333333333,0.0
CR00052,2025-10,8,0.0,12.0,0.0,0.0,154,0.0,JavaScript Mastery,Web Development,Free,Beginner,0.0,40.76,2.2,7.8,3.214,15,Free,Long,Low,Medium Experience,0,3.214,0.3333333333333333,0.0
CR00052,2025-11,11,0.0,8.0,0.0,0.0,154,0.0,JavaScript Mastery,Web Development,Free,Beginner,0.0,40.76,2.2,7.8,3.214,15,Free,Long,Low,Medium Experience,0,3.214,0.3333333333333333,0.0
CR00052,2025-12,10,0.0,11.0,0.0,0.0,154,0.0,JavaScript Mastery,Web Development,Free,Beginner,0.0,40.76,2.2,7.8,3.214,15,Free,Long,Low,Medium Experience,0,3.214,0.3333333333333333,0.0
CR00053,2025-01,14,0.0,,,0.0,163,0.0,React for Beginners,Web Development,Free,Advanced,0.0,40.07,2.67,8.588235294117647,3.224705882352941,17,Free,Long,Medium,Medium Experience,2,3.224705882352941,0.29411764705882354,0.0
CR00053,2025-02,13,0.0,14.0,0.0,0.0,163,0.0,React for Beginners,Web Development,Free,Advanced,0.0,40.07,2.67,8.588235294117647,3.224705882352941,17,Free,Long,Medium,Medium Experience,2,3.224705882352941,0.29411764705882354,0.0
CR00053,2025-03,19,0.0,13.0,0.0,0.0,163,0.0,React for Beginners,Web Development,Free,Advanced,0.0,40.07,2.67,8.588235294117647,3.224705882352941,17,Free,Long,Medium,Medium Experience,2,3.224705882352941,0.29411764705882354,0.0
CR00053,2025-04,10,0.0,19.0,0.0,0.0,163,0.0,React for Beginners,Web Development,Free,Advanced,0.0,40.07,2.67,8.588235294117647,3.224705882352941,17,Free,Long,Medium,Medium Experience,2,3.224705882352941,0.29411764705882354,0.0
CR00053,2025-05,13,0.0,10.0,0.0,0.0,163,0.0,React for Beginners,Web Development,Free,Advanced,0.0,40.07,2.67,8.588235294117647,3.224705882352941,17,Free,Long,Medium,Medium Experience,2,3.224705882352941,0.29411764705882354,0.0
CR00053,2025-06,12,0.0,13.0,0.0,0.0,163,0.0,React for Beginners,Web Development,Free,Advanced,0.0,40.07,2.67,8.588235294117647,3.224705882352941,17,Free,Long,Medium,Medium Experience,2,3.224705882352941,0.29411764705882354,0.0
CR00053,2025-07,12,0.0,12.0,0.0,0.0,163,0.0,React for Beginners,Web Development,Free,Advanced,0.0,40.07,2.67,8.588235294117647,3.224705882352941,17,Free,Long,Medium,Medium Experience,2,3.224705882352941,0.29411764705882354,0.0
CR00053,2025-08,16,0.0,12.0,0.0,0.0,163,0.0,React for Beginners,Web Development,Free,Advanced,0.0,40.07,2.67,8.588235294117647,3.224705882352941,17,Free,Long,Medium,Medium Experience,2,3.224705882352941,0.29411764705882354,0.0
CR00053,2025-09,14,0.0,16.0,0.0,0.0,163,0.0,React for Beginners,Web Development,Free,Advanced,0.0,40.07,2.67,8.588235294117647,3.224705882352941,17,Free,Long,Medium,Medium Experience,2,3.224705882352941,0.29411764705882354,0.0
CR00053,2025-10,14,0.0,14.0,0.0,0.0,163,0.0,React for Beginners,Web Development,Free,Advanced,0.0,40.07,2.67,8.588235294117647,3.224705882352941,17,Free,Long,Medium,Medium Experience,2,3.224705882352941,0.29411764705882354,0.0
CR00053,2025-11,12,0.0,14.0,0.0,0.0,163,0.0,React for Beginners,Web Development,Free,Advanced,0.0,40.07,2.67,8.588235294117647,3.224705882352941,17,Free,Long,Medium,Medium Experience,2,3.224705882352941,0.29411764705882354,0.0
CR00053,2025-12,14,0.0,12.0,0.0,0.0,163,0.0,React for Beginners,Web Development,Free,Advanced,0.0,40.07,2.67,8.588235294117647,3.224705882352941,17,Free,Long,Medium,Medium Experience,2,3.224705882352941,0.29411764705882354,0.0
CR00054,2025-01,14,0.0,,,0.0,178,0.0,Backend Development with Node.js,Web Development,Free,Beginner,0.0,48.57,3.32,7.619047619047619,3.244285714285714,21,Free,Long,Medium,Medium Experience,0,3.244285714285714,0.23809523809523808,0.0
CR00054,2025-02,11,0.0,14.0,0.0,0.0,178,0.0,Backend Development with Node.js,Web Development,Free,Beginner,0.0,48.57,3.32,7.619047619047619,3.244285714285714,21,Free,Long,Medium,Medium Experience,0,3.244285714285714,0.23809523809523808,0.0
CR00054,2025-03,13,0.0,11.0,0.0,0.0,178,0.0,Backend Development with Node.js,Web Development,Free,Beginner,0.0,48.57,3.32,7.619047619047619,3.244285714285714,21,Free,Long,Medium,Medium Experience,0,3.244285714285714,0.23809523809523808,0.0
CR00054,2025-04,16,0.0,13.0,0.0,0.0,178,0.0,Backend Development with Node.js,Web Development,Free,Beginner,0.0,48.57,3.32,7.619047619047619,3.244285714285714,21,Free,Long,Medium,Medium Experience,0,3.244285714285714,0.23809523809523808,0.0
CR00054,2025-05,14,0.0,16.0,0.0,0.0,178,0.0,Backend Development with Node.js,Web Development,Free,Beginner,0.0,48.57,3.32,7.619047619047619,3.244285714285714,21,Free,Long,Medium,Medium Experience,0,3.244285714285714,0.23809523809523808,0.0
CR00054,2025-06,14,0.0,14.0,0.0,0.0,178,0.0,Backend Development with Node.js,Web Development,Free,Beginner,0.0,48.57,3.32,7.619047619047619,3.244285714285714,21,Free,Long,Medium,Medium Experience,0,3.244285714285714,0.23809523809523808,0.0
CR00054,2025-07,12,0.0,14.0,0.0,0.0,178,0.0,Backend Development with Node.js,Web Development,Free,Beginner,0.0,48.57,3.32,7.619047619047619,3.244285714285714,21,Free,Long,Medium,Medium Experience,0,3.244285714285714,0.23809523809523808,0.0
CR00054,2025-08,18,0.0,12.0,0.0,0.0,178,0.0,Backend Development with Node.js,Web Development,Free,Beginner,0.0,48.57,3.32,7.619047619047619,3.244285714285714,21,Free,Long,Medium,Medium Experience,0,3.244285714285714,0.23809523809523808,0.0
CR00054,2025-09,17,0.0,18.0,0.0,0.0,178,0.0,Backend Development with Node.js,Web Development,Free,Beginner,0.0,48.57,3.32,7.619047619047619,3.244285714285714,21,Free,Long,Medium,Medium Experience,0,3.244285714285714,0.23809523809523808,0.0
CR00054,2025-10,16,0.0,17.0,0.0,0.0,178,0.0,Backend Development with Node.js,Web Development,Free,Beginner,0.0,48.57,3.32,7.619047619047619,3.244285714285714,21,Free,Long,Medium,Medium Experience,0,3.244285714285714,0.23809523809523808,0.0
CR00054,2025-11,16,0.0,16.0,0.0,0.0,178,0.0,Backend Development with Node.js,Web Development,Free,Beginner,0.0,48.57,3.32,7.619047619047619,3.244285714285714,21,Free,Long,Medium,Medium Experience,0,3.244285714285714,0.23809523809523808,0.0
CR00054,2025-12,17,0.0,16.0,0.0,0.0,178,0.0,Backend Development with Node.js,Web Development,Free,Beginner,0.0,48.57,3.32,7.619047619047619,3.244285714285714,21,Free,Long,Medium,Medium Experience,0,3.244285714285714,0.23809523809523808,0.0
CR00055,2025-01,14,802.48,,,57.32,178,10202.960000000001,Full-Stack Web Development,Web Development,Paid,Advanced,57.32,43.95,4.74,7.111111111111111,3.216666666666667,18,Low,Long,High,Medium Experience,2,3.216666666666667,0.2777777777777778,57.32000000000001
CR00055,2025-02,10,573.2,14.0,802.48,57.32000000000001,178,10202.960000000001,Full-Stack Web Development,Web Development,Paid,Advanced,57.32,43.95,4.74,7.111111111111111,3.216666666666667,18,Low,Long,High,Medium Experience,2,3.216666666666667,0.2777777777777778,57.32000000000001
CR00055,2025-03,15,859.8,10.0,687.84,57.32,178,10202.960000000001,Full-Stack Web Development,Web Development,Paid,Advanced,57.32,43.95,4.74,7.111111111111111,3.216666666666667,18,Low,Long,High,Medium Experience,2,3.216666666666667,0.2777777777777778,57.32000000000001
CR00055,2025-04,14,802.48,15.0,745.16,57.32,178,10202.960000000001,Full-Stack Web Development,Web Development,Paid,Advanced,57.32,43.95,4.74,7.111111111111111,3.216666666666667,18,Low,Long,High,Medium Experience,2,3.216666666666667,0.2777777777777778,57.32000000000001
CR00055,2025-05,15,859.8,14.0,759.49,57.32,178,10202.960000000001,Full-Stack Web Development,Web Development,Paid,Advanced,57.32,43.95,4.74,7.111111111111111,3.216666666666667,18,Low,Long,High,Medium Experience,2,3.216666666666667,0.2777777777777778,57.32000000000001
CR00055,2025-06,22,1261.04,15.0,779.552,57.32,178,10202.960000000001,Full-Stack Web Development,Web Development,Paid,Advanced,57.32,43.95,4.74,7.111111111111111,3.216666666666667,18,Low,Long,High,Medium Experience,2,3.216666666666667,0.2777777777777778,57.32000000000001
CR00055,2025-07,10,573.2,22.0,859.8000000000001,57.32000000000001,178,10202.960000000001,Full-Stack Web Development,Web Development,Paid,Advanced,57.32,43.95,4.74,7.111111111111111,3.216666666666667,18,Low,Long,High,Medium Experience,2,3.216666666666667,0.2777777777777778,57.32000000000001
CR00055,2025-08,14,802.48,10.0,818.8571428571429,57.32,178,10202.960000000001,Full-Stack Web Development,Web Development,Paid,Advanced,57.32,43.95,4.74,7.111111111111111,3.216666666666667,18,Low,Long,High,Medium Experience,2,3.216666666666667,0.2777777777777778,57.32000000000001
CR00055,2025-09,18,1031.76,14.0,816.81,57.32,178,10202.960000000001,Full-Stack Web Development,Web Development,Paid,Advanced,57.32,43.95,4.74,7.111111111111111,3.216666666666667,18,Low,Long,High,Medium Experience,2,3.216666666666667,0.2777777777777778,57.32000000000001
CR00055,2025-10,13,745.16,18.0,840.6933333333333,57.32,178,10202.960000000001,Full-Stack Web Development,Web Development,Paid,Advanced,57.32,43.95,4.74,7.111111111111111,3.216666666666667,18,Low,Long,High,Medium Experience,2,3.216666666666667,0.2777777777777778,57.32000000000001
CR00055,2025-11,13,745.16,13.0,831.14,57.32,178,10202.960000000001,Full-Stack Web Development,Web Development,Paid,Advanced,57.32,43.95,4.74,7.111111111111111,3.216666666666667,18,Low,Long,High,Medium Experience,2,3.216666666666667,0.2777777777777778,57.32000000000001
CR00055,2025-12,20,1146.4,13.0,823.3236363636363,57.32000000000001,178,10202.960000000001,Full-Stack Web Development,Web Development,Paid,Advanced,57.32,43.95,4.74,7.111111111111111,3.216666666666667,18,Low,Long,High,Medium Experience,2,3.216666666666667,0.2777777777777778,57.32000000000001
CR00056,2025-01,14,2973.46,,,212.39000000000001,148,31433.719999999998,Google Ads Mastery,Digital Marketing,Paid,Advanced,212.39,22.89,3.15,8.0,3.315384615384615,13,High,Medium,Medium,Medium Experience,2,3.315384615384615,0.8461538461538461,212.39
CR00056,2025-02,8,1699.12,14.0,2973.46,212.39,148,31433.719999999998,Google Ads Mastery,Digital Marketing,Paid,Advanced,212.39,22.89,3.15,8.0,3.315384615384615,13,High,Medium,Medium,Medium Experience,2,3.315384615384615,0.8461538461538461,212.39
CR00056,2025-03,16,3398.24,8.0,2336.29,212.39,148,31433.719999999998,Google Ads Mastery,Digital Marketing,Paid,Advanced,212.39,22.89,3.15,8.0,3.315384615384615,13,High,Medium,Medium,Medium Experience,2,3.315384615384615,0.8461538461538461,212.39
CR00056,2025-04,12,2548.68,16.0,2690.273333333333,212.39,148,31433.719999999998,Google Ads Mastery,Digital Marketing,Paid,Advanced,212.39,22.89,3.15,8.0,3.315384615384615,13,High,Medium,Medium,Medium Experience,2,3.315384615384615,0.8461538461538461,212.39
CR00056,2025-05,13,2761.0699999999997,12.0,2654.875,212.39,148,31433.719999999998,Google Ads Mastery,Digital Marketing,Paid,Advanced,212.39,22.89,3.15,8.0,3.315384615384615,13,High,Medium,Medium,Medium Experience,2,3.315384615384615,0.8461538461538461,212.39
CR00056,2025-06,19,4035.41,13.0,2676.114,212.39,148,31433.719999999998,Google Ads Mastery,Digital Marketing,Paid,Advanced,212.39,22.89,3.15,8.0,3.315384615384615,13,High,Medium,Medium,Medium Experience,2,3.315384615384615,0.8461538461538461,212.39
CR00056,2025-07,14,2973.46,19.0,2902.6633333333334,212.39000000000001,148,31433.719999999998,Google Ads Mastery,Digital Marketing,Paid,Advanced,212.39,22.89,3.15,8.0,3.315384615384615,13,High,Medium,Medium,Medium Experience,2,3.315384615384615,0.8461538461538461,212.39
CR00056,2025-08,7,1486.73,14.0,2912.7771428571427,212.39000000000001,148,31433.719999999998,Google Ads Mastery,Digital Marketing,Paid,Advanced,212.39,22.89,3.15,8.0,3.315384615384615,13,High,Medium,Medium,Medium Experience,2,3.315384615384615,0.8461538461538461,212.39
CR00056,2025-09,12,2548.68,7.0,2734.52125,212.39,148,31433.719999999998,Google Ads Mastery,Digital Marketing,Paid,Advanced,212.39,22.89,3.15,8.0,3.315384615384615,13,High,Medium,Medium,Medium Experience,2,3.315384615384615,0.8461538461538461,212.39
CR00056,2025-10,11,2336.29,12.0,2713.8722222222223,212.39,148,31433.719999999998,Google Ads Mastery,Digital Marketing,Paid,Advanced,212.39,22.89,3.15,8.0,3.315384615384615,13,High,Medium,Medium,Medium Experience,2,3.315384615384615,0.8461538461538461,212.39
CR00056,2025-11,15,3185.85,11.0,2676.114,212.39,148,31433.719999999998,Google Ads Mastery,Digital Marketing,Paid,Advanced,212.39,22.89,3.15,8.0,3.315384615384615,13,High,Medium,Medium,Medium Experience,2,3.315384615384615,0.8461538461538461,212.39
CR00056,2025-12,7,1486.73,15.0,2722.453636363636,212.39000000000001,148,31433.719999999998,Google Ads Mastery,Digital Marketing,Paid,Advanced,212.39,22.89,3.15,8.0,3.315384615384615,13,High,Medium,Medium,Medium Experience,2,3.315384615384615,0.8461538461538461,212.39
CR00057,2025-01,16,2837.44,,,177.34,140,24827.600000000002,SEO for E-commerce,Digital Marketing,Paid,Advanced,177.34,49.73,3.89,8.0,3.315384615384615,13,Low,Long,High,Medium Experience,2,3.315384615384615,0.8461538461538461,177.34
CR00057,2025-02,9,1596.06,16.0,2837.44,177.34,140,24827.600000000002,SEO for E-commerce,Digital Marketing,Paid,Advanced,177.34,49.73,3.89,8.0,3.315384615384615,13,Low,Long,High,Medium Experience,2,3.315384615384615,0.8461538461538461,177.34
CR00057,2025-03,8,1418.72,9.0,2216.75,177.34,140,24827.600000000002,SEO for E-commerce,Digital Marketing,Paid,Advanced,177.34,49.73,3.89,8.0,3.315384615384615,13,Low,Long,High,Medium Experience,2,3.315384615384615,0.8461538461538461,177.34
CR00057,2025-04,14,2482.76,8.0,1950.74,177.34,140,24827.600000000002,SEO for E-commerce,Digital Marketing,Paid,Advanced,177.34,49.73,3.89,8.0,3.315384615384615,13,Low,Long,High,Medium Experience,2,3.315384615384615,0.8461538461538461,177.34
CR00057,2025-05,14,2482.76,14.0,2083.745,177.34,140,24827.600000000002,SEO for E-commerce,Digital Marketing,Paid,Advanced,177.34,49.73,3.89,8.0,3.315384615384615,13,Low,Long,High,Medium Experience,2,3.315384615384615,0.8461538461538461,177.34
CR00057,2025-06,18,3192.12,14.0,2163.5480000000002,177.34,140,24827.600000000002,SEO for E-commerce,Digital Marketing,Paid,Advanced,177.34,49.73,3.89,8.0,3.315384615384615,13,Low,Long,High,Medium Experience,2,3.315384615384615,0.8461538461538461,177.34
CR00057,2025-07,13,2305.42,18.0,2334.976666666667,177.34,140,24827.600000000002,SEO for E-commerce,Digital Marketing,Paid,Advanced,177.34,49.73,3.89,8.0,3.315384615384615,13,Low,Long,High,Medium Experience,2,3.315384615384615,0.8461538461538461,177.34
CR00057,2025-08,12,2128.08,13.0,2330.7542857142857,177.34,140,24827.600000000002,SEO for E-commerce,Digital Marketing,Paid,Advanced,177.34,49.73,3.89,8.0,3.315384615384615,13,Low,Long,High,Medium Experience,2,3.315384615384615,0.8461538461538461,177.34
CR00057,2025-09,14,2482.76,12.0,2305.42,177.34,140,24827.600000000002,SEO for E-commerce,Digital Marketing,Paid,Advanced,177.34,49.73,3.89,8.0,3.315384615384615,13,Low,Long,High,Medium Experience,2,3.315384615384615,0.8461538461538461,177.34
CR00057,2025-10,4,709.36,14.0,2325.1244444444446,177.34,140,24827.600000000002,SEO for E-commerce,Digital Marketing,Paid,Advanced,177.34,49.73,3.89,8.0,3.315384615384615,13,Low,Long,High,Medium Experience,2,3.315384615384615,0.8461538461538461,177.34
CR00057,2025-11,12,2128.08,4.0,2163.548,177.34,140,24827.600000000002,SEO for E-commerce,Digital Marketing,Paid,Advanced,177.34,49.73,3.89,8.0,3.315384615384615,13,Low,Long,High,Medium Experience,2,3.315384615384615,0.8461538461538461,177.34
CR00057,2025-12,6,1064.04,12.0,2160.3236363636365,177.34,140,24827.600000000002,SEO for E-commerce,Digital Marketing,Paid,Advanced,177.34,49.73,3.89,8.0,3.315384615384615,13,Low,Long,High,Medium Experience,2,3.315384615384615,0.8461538461538461,177.34
CR00058,2025-01,15,0.0,,,0.0,194,0.0,Social Media Strategy,Digital Marketing,Free,Beginner,0.0,1.46,4.44,8.0,3.315384615384615,13,Free,Short,High,Medium Experience,0,3.315384615384615,0.8461538461538461,0.0
CR00058,2025-02,15,0.0,15.0,0.0,0.0,194,0.0,Social Media Strategy,Digital Marketing,Free,Beginner,0.0,1.46,4.44,8.0,3.315384615384615,13,Free,Short,High,Medium Experience,0,3.315384615384615,0.8461538461538461,0.0
CR00058,2025-03,16,0.0,15.0,0.0,0.0,194,0.0,Social Media Strategy,Digital Marketing,Free,Beginner,0.0,1.46,4.44,8.0,3.315384615384615,13,Free,Short,High,Medium Experience,0,3.315384615384615,0.8461538461538461,0.0
CR00058,2025-04,19,0.0,16.0,0.0,0.0,194,0.0,Social Media Strategy,Digital Marketing,Free,Beginner,0.0,1.46,4.44,8.0,3.315384615384615,13,Free,Short,High,Medium Experience,0,3.315384615384615,0.8461538461538461,0.0
CR00058,2025-05,12,0.0,19.0,0.0,0.0,194,0.0,Social Media Strategy,Digital Marketing,Free,Beginner,0.0,1.46,4.44,8.0,3.315384615384615,13,Free,Short,High,Medium Experience,0,3.315384615384615,0.8461538461538461,0.0
CR00058,2025-06,17,0.0,12.0,0.0,0.0,194,0.0,Social Media Strategy,Digital Marketing,Free,Beginner,0.0,1.46,4.44,8.0,3.315384615384615,13,Free,Short,High,Medium Experience,0,3.315384615384615,0.8461538461538461,0.0
CR00058,2025-07,10,0.0,17.0,0.0,0.0,194,0.0,Social Media Strategy,Digital Marketing,Free,Beginner,0.0,1.46,4.44,8.0,3.315384615384615,13,Free,Short,High,Medium Experience,0,3.315384615384615,0.8461538461538461,0.0
CR00058,2025-08,19,0.0,10.0,0.0,0.0,194,0.0,Social Media Strategy,Digital Marketing,Free,Beginner,0.0,1.46,4.44,8.0,3.315384615384615,13,Free,Short,High,Medium Experience,0,3.315384615384615,0.8461538461538461,0.0
CR00058,2025-09,17,0.0,19.0,0.0,0.0,194,0.0,Social Media Strategy,Digital Marketing,Free,Beginner,0.0,1.46,4.44,8.0,3.315384615384615,13,Free,Short,High,Medium Experience,0,3.315384615384615,0.8461538461538461,0.0
CR00058,2025-10,18,0.0,17.0,0.0,0.0,194,0.0,Social Media Strategy,Digital Marketing,Free,Beginner,0.0,1.46,4.44,8.0,3.315384615384615,13,Free,Short,High,Medium Experience,0,3.315384615384615,0.8461538461538461,0.0
CR00058,2025-11,23,0.0,18.0,0.0,0.0,194,0.0,Social Media Strategy,Digital Marketing,Free,Beginner,0.0,1.46,4.44,8.0,3.315384615384615,13,Free,Short,High,Medium Experience,0,3.315384615384615,0.8461538461538461,0.0
CR00058,2025-12,13,0.0,23.0,0.0,0.0,194,0.0,Social Media Strategy,Digital Marketing,Free,Beginner,0.0,1.46,4.44,8.0,3.315384615384615,13,Free,Short,High,Medium Experience,0,3.315384615384615,0.8461538461538461,0.0
CR00059,2025-01,14,0.0,,,0.0,161,0.0,Affiliate Marketing,Digital Marketing,Free,Intermediate,0.0,5.95,4.66,8.416666666666666,3.3074999999999997,12,Free,Short,High,Medium Experience,1,3.3074999999999997,0.8333333333333334,0.0
CR00059,2025-02,17,0.0,14.0,0.0,0.0,161,0.0,Affiliate Marketing,Digital Marketing,Free,Intermediate,0.0,5.95,4.66,8.416666666666666,3.3074999999999997,12,Free,Short,High,Medium Experience,1,3.3074999999999997,0.8333333333333334,0.0
CR00059,2025-03,25,0.0,17.0,0.0,0.0,161,0.0,Affiliate Marketing,Digital Marketing,Free,Intermediate,0.0,5.95,4.66,8.416666666666666,3.3074999999999997,12,Free,Short,High,Medium Experience,1,3.3074999999999997,0.8333333333333334,0.0
CR00059,2025-04,12,0.0,25.0,0.0,0.0,161,0.0,Affiliate Marketing,Digital Marketing,Free,Intermediate,0.0,5.95,4.66,8.416666666666666,3.3074999999999997,12,Free,Short,High,Medium Experience,1,3.3074999999999997,0.8333333333333334,0.0
CR00059,2025-05,12,0.0,12.0,0.0,0.0,161,0.0,Affiliate Marketing,Digital Marketing,Free,Intermediate,0.0,5.95,4.66,8.416666666666666,3.3074999999999997,12,Free,Short,High,Medium Experience,1,3.3074999999999997,0.8333333333333334,0.0
CR00059,2025-06,11,0.0,12.0,0.0,0.0,161,0.0,Affiliate Marketing,Digital Marketing,Free,Intermediate,0.0,5.95,4.66,8.416666666666666,3.3074999999999997,12,Free,Short,High,Medium Experience,1,3.3074999999999997,0.8333333333333334,0.0
CR00059,2025-07,9,0.0,11.0,0.0,0.0,161,0.0,Affiliate Marketing,Digital Marketing,Free,Intermediate,0.0,5.95,4.66,8.416666666666666,3.3074999999999997,12,Free,Short,High,Medium Experience,1,3.3074999999999997,0.8333333333333334,0.0
CR00059,2025-08,19,0.0,9.0,0.0,0.0,161,0.0,Affiliate Marketing,Digital Marketing,Free,Intermediate,0.0,5.95,4.66,8.416666666666666,3.3074999999999997,12,Free,Short,High,Medium Experience,1,3.3074999999999997,0.8333333333333334,0.0
CR00059,2025-09,13,0.0,19.0,0.0,0.0,161,0.0,Affiliate Marketing,Digital Marketing,Free,Intermediate,0.0,5.95,4.66,8.416666666666666,3.3074999999999997,12,Free,Short,High,Medium Experience,1,3.3074999999999997,0.8333333333333334,0.0
CR00059,2025-10,4,0.0,13.0,0.0,0.0,161,0.0,Affiliate Marketing,Digital Marketing,Free,Intermediate,0.0,5.95,4.66,8.416666666666666,3.3074999999999997,12,Free,Short,High,Medium Experience,1,3.3074999999999997,0.8333333333333334,0.0
CR00059,2025-11,13,0.0,4.0,0.0,0.0,161,0.0,Affiliate Marketing,Digital Marketing,Free,Intermediate,0.0,5.95,4.66,8.416666666666666,3.3074999999999997,12,Free,Short,High,Medium Experience,1,3.3074999999999997,0.8333333333333334,0.0
CR00059,2025-12,12,0.0,13.0,0.0,0.0,161,0.0,Affiliate Marketing,Digital Marketing,Free,Intermediate,0.0,5.95,4.66,8.416666666666666,3.3074999999999997,12,Free,Short,High,Medium Experience,1,3.3074999999999997,0.8333333333333334,0.0
CR00060,2025-01,6,0.0,,,0.0,165,0.0,Content Creation,Digital Marketing,Free,Beginner,0.0,8.95,2.14,8.0,3.315384615384615,13,Free,Short,Low,Medium Experience,0,3.315384615384615,0.8461538461538461,0.0
CR00060,2025-02,20,0.0,6.0,0.0,0.0,165,0.0,Content Creation,Digital Marketing,Free,Beginner,0.0,8.95,2.14,8.0,3.315384615384615,13,Free,Short,Low,Medium Experience,0,3.315384615384615,0.8461538461538461,0.0
CR00060,2025-03,13,0.0,20.0,0.0,0.0,165,0.0,Content Creation,Digital Marketing,Free,Beginner,0.0,8.95,2.14,8.0,3.315384615384615,13,Free,Short,Low,Medium Experience,0,3.315384615384615,0.8461538461538461,0.0
CR00060,2025-04,11,0.0,13.0,0.0,0.0,165,0.0,Content Creation,Digital Marketing,Free,Beginner,0.0,8.95,2.14,8.0,3.315384615384615,13,Free,Short,Low,Medium Experience,0,3.315384615384615,0.8461538461538461,0.0
CR00060,2025-05,11,0.0,11.0,0.0,0.0,165,0.0,Content Creation,Digital Marketing,Free,Beginner,0.0,8.95,2.14,8.0,3.315384615384615,13,Free,Short,Low,Medium Experience,0,3.315384615384615,0.8461538461538461,0.0
CR00060,2025-06,19,0.0,11.0,0.0,0.0,165,0.0,Content Creation,Digital Marketing,Free,Beginner,0.0,8.95,2.14,8.0,3.315384615384615,13,Free,Short,Low,Medium Experience,0,3.315384615384615,0.8461538461538461,0.0
CR00060,2025-07,11,0.0,19.0,0.0,0.0,165,0.0,Content Creation,Digital Marketing,Free,Beginner,0.0,8.95,2.14,8.0,3.315384615384615,13,Free,Short,Low,Medium Experience,0,3.315384615384615,0.8461538461538461,0.0
CR00060,2025-08,13,0.0,11.0,0.0,0.0,165,0.0,Content Creation,Digital Marketing,Free,Beginner,0.0,8.95,2.14,8.0,3.315384615384615,13,Free,Short,Low,Medium Experience,0,3.315384615384615,0.8461538461538461,0.0
CR00060,2025-09,13,0.0,13.0,0.0,0.0,165,0.0,Content Creation,Digital Marketing,Free,Beginner,0.0,8.95,2.14,8.0,3.315384615384615,13,Free,Short,Low,Medium Experience,0,3.315384615384615,0.8461538461538461,0.0
CR00060,2025-10,15,0.0,13.0,0.0,0.0,165,0.0,Content Creation,Digital Marketing,Free,Beginner,0.0,8.95,2.14,8.0,3.315384615384615,13,Free,Short,Low,Medium Experience,0,3.315384615384615,0.8461538461538461,0.0
CR00060,2025-11,12,0.0,15.0,0.0,0.0,165,0.0,Content Creation,Digital Marketing,Free,Beginner,0.0,8.95,2.14,8.0,3.315384615384615,13,Free,Short,Low,Medium Experience,0,3.315384615384615,0.8461538461538461,0.0
CR00060,2025-12,21,0.0,12.0,0.0,0.0,165,0.0,Content Creation,Digital Marketing,Free,Beginner,0.0,8.95,2.14,8.0,3.315384615384615,13,Free,Short,Low,Medium Experience,0,3.315384615384615,0.8461538461538461,0.0
